Cruise_moc_net,Cruise,year,month,day,D_N,tow,net,ID,station,Latitude,Longitude,yrday_local,hhmm,flow,vol_filt,min_press,max_press,temp,sal,max depth,min depth,CTD used,avg. t,avg sal,avg fluor,max fluor,avg o2,avg PAR,DIC(umol/kg),TA_final(umolkg-1),Si_um/kg ,pH_corr(2),PO4_um/kg,NO2+NO3 (um/kg),uM NH4
OC473_m1_n0,OC473,2011,8,9,D,1,0,1,Test_1,39.5658,-66.6607,220.628785,1505.45,157,892.5,2.9,103.7,22.4633708609271,34.9793543046358,100,0,1,21.051372,35.650103,0.493102,0.493102,188.79459,113.9253,,,,,,,
OC473_m1_n1,OC473,2011,8,9,D,1,1,1.01,Test_1,39.5793,-66.6591,220.646887,1531.517,44,227.1,75.4,105.6,15.9186769230769,35.7610923076923,100,75,1,16.0763612903226,35.8208677419355,0.261109677419355,0.261109677419355,162.642064516129,4.04096774193548,,,,,,,
OC473_m1_n2,OC473,2011,8,9,D,1,2,1.02,Test_1,39.5816,-66.6563,220.649907,1535.866,40,218.9,48.2,74.8,18.9897121212121,35.9991060606061,75,50,1,18.3549392857143,35.7129,0.8931,0.8931,200.308857142857,37.7353571428571,,,,,,,
OC473_m1_n3,OC473,2011,8,9,D,1,3,1.03,Test_1,39.5839,-66.6536,220.652975,1540.284,30,177.1,25.1,49.3,23.686641509434,36.1127924528302,50,25,1,24.8324230769231,35.9991769230769,0.702373076923077,0.702373076923077,201.343961538462,198.030769230769,,,,,,,
OC473_m1_n4,OC473,2011,8,9,D,1,4,1.04,Test_1,39.5857,-66.6514,220.65544,1543.834,52,324.4,1.2,25.9,27.8986701030928,35.5969072164948,25,0,1,26.59715,34.9696772727273,0.127368181818182,0.127368181818182,194.272363636364,252.727272727273,,,,,,,
OC473_m1_n5,OC473,2011,8,9,D,1,5,1.05,Test_1,39.5886,-66.6472,220.659942,1550.316,7,46,1.1,2.7,27.7784444444444,31.5137777777778,0,0,1,26.6523,26.6523,26.6523,26.6523,26.6523,26.6523,,,,,,,
OC473_m2_n0,OC473,2011,8,11,N,2,0,2,1,34.996,-52.0269,223.890486,2122.3,108,791.7,2.3,1005.8,15.0472731829574,35.9767606516291,1000,0,104,15.7147009027081,36.1462640922768,0.0420782347041122,0.0420782347041122,190.987750250752,0.000000000001,2105.8675983849,2374.46317264105,4.61344711826455,7.94180962464162,0.236623476138357,6.59827132309688,0.422400375620861
OC473_m2_n1,OC473,2011,8,11,N,2,1,2.01,1,35.0153,-52.0589,223.929444,2218.399,0,0,870.2,997.5,8.66350561797753,35.1330168539326,1000,800,104,9.86401741293532,35.2882268656716,0.0173825870646766,0.0173825870646766,149.291945273632,0.000000000001,2183.7870178169,2320.72075607406,14.4711308451488,7.6961578954316,1.03720113469117,21.2291390363165,0.703440165562914
OC473_m2_n2,OC473,2011,8,11,N,2,2,2.02,1,35.0194,-52.0652,223.937708,2230.3,0,0,600.7,869.5,13.2264916201117,35.6849162011173,800,600,104,14.3764805970149,35.8990179104478,0.0085592039800995,0.0085592039800995,180.347935323383,0.000000000001,2129.90490007988,2363.01845473181,4.806950562499,7.89789350567511,0.253840850586449,9.4058302286812,0.28994488410596
OC473_m2_n3,OC473,2011,8,11,N,2,3,2.03,1,35.0286,-52.0781,223.95434,2254.25,118,558.8,398.2,599.9,17.0571615120275,36.3673986254296,600,400,104,17.2624805970149,36.4460771144279,0.00376616915422886,0.00376616915422886,203.264393034826,0.000000000001,2110.87697129843,2379.48404469788,3.10325197534478,7.9509925856141,0.0966076635290961,5.80236049032934,0.27699201986755
OC473_m2_n4,OC473,2011,8,11,N,2,4,2.04,1,35.0369,-52.0895,223.96787,2313.733,36,171.4,367.9,397.5,17.6186304347826,36.488347826087,400,200,104,17.7706616915423,36.5576124378109,0.00153582089552239,0.00153582089552239,211.652253731343,0.000000000001,2092.32131028186,2392.99662186547,2.30454599380996,7.99116602560454,0.0176646749977696,3.24306044647426,0.571586650110375
OC473_m2_n5,OC473,2011,8,11,N,2,5,2.05,1,35.0383,-52.0913,223.97,2316.8,281,1323,150.7,367.5,17.7512530120482,36.5150391566265,200,100,104,17.9605712871287,36.5809207920792,0.104475247524752,0.104475247524752,206.400821782178,0.000000000001,2095.05128950975,2393.61611859405,2.22504441182079,7.98547393739619,0.0176646749977696,3.1411865388479,0.654285706401766
OC473_m2_n6,OC473,2011,8,11,N,2,6,2.06,1,35.0489,-52.1052,223.985428,2339.016,151,664.5,50.8,150.2,18.1904795321638,36.5479473684211,100,50,104,18.5580980392157,36.5897254901961,0.424578431372549,0.424578431372549,215.097215686274,0.000000000001,2092.8964291507,2402.08142682369,1.96750768391493,8.00757825564816,0,1.95625938892023,0.207910077262693
OC473_m2_n7,OC473,2011,8,11,N,2,7,2.07,1,35.0546,-52.1129,223.99338,2350.467,65,303.3,25.5,50.6,20.3601392405063,36.4989493670886,50,25,104,21.3274,36.5426384615385,0.119365384615385,0.119365384615385,229.494615384615,0.000000000001,2057.9393697576,2399.71896857143,1.42429741326219,8.06203158148011,0.02753302266207,0.297926274670241,0.145470629139073
OC473_m2_n8,OC473,2011,8,11,N,2,8,2.08,1,35.0574,-52.1164,223.997049,2355.751,56,288.3,-0.1,25.6,25.6346447368421,36.2705263157895,25,0,104,25.6719136363636,36.3232772727273,0.0554409090909091,0.0554409090909091,199.066772727273,0.000000000001,2042.13141630292,2377.41180292511,1.12002500288996,8.07870127992223,0,0,0.19080565397351
OC473_m2_n9,OC473,2011,8,11,N,2,9,2.09,1,35.0608,-52.1184,224.000637,1,6,35,-0.1,0.2,26.638125,36.24725,0,0,104,26.1694,36.2337,0.0617,0.0617,196.714,0.000000000001,2035.3781995553,2373.38227345474,1.18717336865731,8.08238346059128,0,0,0
OC473_m3_n0,OC473,2011,8,21,D,3,0,3,1,35.0685,-52.0771,224.300683,712.984,232,1755.3,4,1010.6,14.7225752212389,35.9304612831859,1000,0,104,15.7147009027081,36.1462640922768,0.0420782347041122,0.0420782347041122,190.987750250752,0.000000000001,2105.8675983849,2374.46317264105,4.61344711826455,7.94180962464162,0.236623476138357,6.59827132309688,0.422400375620861
OC473_m3_n1,OC473,2011,8,21,D,3,1,3.01,1,35.0822,-52.0447,224.342789,813.616,120,573.2,799.9,995.4,10.0858516129032,35.2673225806452,1000,800,104,9.86401741293532,35.2882268656716,0.0173825870646766,0.0173825870646766,149.291945273632,0.000000000001,2183.7870178169,2320.72075607406,14.4711308451488,7.6961578954316,1.03720113469117,21.2291390363165,0.703440165562914
OC473_m3_n2,OC473,2011,8,21,D,3,2,3.02,1,35.085,-52.0382,224.349988,823.983,251,1103.5,602.2,798.6,14.4770454545455,35.8767832167832,800,600,104,14.3764805970149,35.8990179104478,0.0085592039800995,0.0085592039800995,180.347935323383,0.000000000001,2129.90490007988,2363.01845473181,4.806950562499,7.89789350567511,0.253840850586449,9.4058302286812,0.28994488410596
OC473_m3_n3,OC473,2011,8,21,D,3,3,3.03,1,35.0898,-52.0252,224.363275,843.116,337,1476.8,401,601.2,17.2498068783069,36.4086190476191,600,400,104,17.2624805970149,36.4460771144279,0.00376616915422886,0.00376616915422886,203.264393034826,0.000000000001,2110.87697129843,2379.48404469788,3.10325197534478,7.9509925856141,0.0966076635290961,5.80236049032934,0.27699201986755
OC473_m3_n4,OC473,2011,8,21,D,3,4,3.04,1,35.0953,-52.0064,224.380845,908.417,321,1409.5,201.5,400.6,17.701425,36.5071694444444,400,200,104,17.7706616915423,36.5576124378109,0.00153582089552239,0.00153582089552239,211.652253731343,0.000000000001,2092.32131028186,2392.99662186547,2.30454599380996,7.99116602560454,0.0176646749977696,3.24306044647426,0.571586650110375
OC473_m3_n5,OC473,2011,8,21,D,3,5,3.05,1,35.1009,-51.9898,224.397569,932.499,145,640.4,102,200.9,17.8931901840491,36.5368711656441,200,100,104,17.9605712871287,36.5809207920792,0.104475247524752,0.104475247524752,206.400821782178,0.000000000001,2095.05128950975,2393.61611859405,2.22504441182079,7.98547393739619,0.0176646749977696,3.1411865388479,0.654285706401766
OC473_m3_n6,OC473,2011,8,21,D,3,6,3.06,1,35.1037,-51.9822,224.405139,943.4,97,450.9,52.6,100.8,18.3865431034483,36.5426637931035,100,50,104,18.5580980392157,36.5897254901961,0.424578431372549,0.424578431372549,215.097215686274,0.000000000001,2092.8964291507,2402.08142682369,1.96750768391493,8.00757825564816,0,1.95625938892023,0.207910077262693
OC473_m3_n7,OC473,2011,8,21,D,3,7,3.07,1,35.1056,-51.9766,224.410532,951.166,60,296.2,25.9,52.5,21.3556025641026,36.4785512820513,50,25,104,21.3274,36.5426384615385,0.119365384615385,0.119365384615385,229.494615384615,0.000000000001,2057.9393697576,2399.71896857143,1.42429741326219,8.06203158148011,0.02753302266207,0.297926274670241,0.145470629139073
OC473_m3_n8,OC473,2011,8,21,D,3,8,3.08,1,35.1068,-51.9729,224.414155,956.383,42,271.1,0.2,26.1,25.8166842105263,36.3498552631579,25,0,104,25.6719136363636,36.3232772727273,0.0554409090909091,0.0554409090909091,199.066772727273,0.000000000001,2042.13141630292,2377.41180292511,1.12002500288996,8.07870127992223,0,0,0.19080565397351
OC473_m3_n9,OC473,2011,8,21,D,3,9,3.09,1,35.1081,-51.9697,224.417685,1001.466,4,36.2,0.3,1,26.3808,36.362,0,0,104,26.1694,36.2337,0.0617,0.0617,196.714,0.000000000001,2035.3781995553,2373.38227345474,1.18717336865731,8.08238346059128,0,0,0
OC473_m4_n0,OC473,2011,8,13,D,4,0,4,5,36.9855,-51.9741,225.442245,1036.833,146,1201.3,4,1015.3,15.1745181598063,35.9433946731235,1000,0,509,15.4509172517553,36.0672807422266,0.0467737211634904,0.0467737211634904,188.462119358074,9.57797615675068,2110.1791077411,2366.62378773723,4.14319475768435,7.93905016587446,0.243291926573227,5.98020755430256,0.369495345049834
OC473_m4_n1,OC473,2011,8,13,D,4,1,4.01,5,36.9613,-51.9579,225.480613,1132.083,110,567.6,801.2,998.6,10.1502614379085,35.2815751633987,1000,800,509,9.7375447761194,35.2839189054727,0.017118407960199,0.017118407960199,152.132014925373,0.000000000001,2173.16974894914,2303.11468621804,13.9787989076479,7.69567268107312,1.11570464593737,21.2980456204557,0.0991392301324503
OC473_m4_n2,OC473,2011,8,13,D,4,2,4.02,5,36.9563,-51.9546,225.487731,1142.333,185,913.6,601.7,800.6,13.8226483050848,35.7633940677966,800,600,509,13.4770756218905,35.7480407960199,0.0139636815920398,0.0139636815920398,185.061134328358,0.000000000001,2132.23488438915,2331.19789823468,5.58948549769187,7.86510463977919,0.421520984866973,10.317793675685,0.0707425662251656
OC473_m4_n3,OC473,2011,8,13,D,4,3,4.03,5,36.9486,-51.949,225.498692,1158.116,237,1186.2,401.1,601,16.3818241042345,36.2238045602606,600,400,509,16.3895706467662,36.2657184079602,0.0041955223880597,0.0041955223880597,193.927910447761,0.000000000001,2111.14396559972,2351.90373998225,3.45003902359171,7.93446895136317,0.161631388266962,6.09440590944235,0.183664972406181
OC473_m4_n4,OC473,2011,8,13,D,4,4,4.04,5,36.9394,-51.9418,225.512951,1218.649,222,1048.1,201.1,400.7,17.7585655430712,36.5023670411985,400,200,509,17.7622517412935,36.5406039800995,0.00161293532338308,0.00161293532338308,205.375597014925,0.000340936712378115,2102.22535706327,2379.99393272965,2.2369309805193,8.00134472798692,0.0476153795860203,2.92184598863944,0.113586655629139
OC473_m4_n5,OC473,2011,8,13,D,4,5,4.05,5,36.9306,-51.9349,225.525359,1236.517,111,527.2,100.5,200.4,18.2523233082707,36.5479398496241,200,100,509,18.2060663366337,36.5858574257426,0.0854009900990098,0.0854009900990098,201.071752475248,0.427315841584159,2107.12568284797,2399.0442795778,2.34511891756612,7.98567972692428,0.106983761126978,3.08820947700329,0.363728565262957
OC473_m4_n6,OC473,2011,8,13,D,4,6,4.06,5,36.9261,-51.9312,225.531539,1245.416,102,522.6,52.4,100.5,19.4693851851852,36.5242888888889,100,50,509,19.412262745098,36.5761176470588,0.519154901960784,0.519154901960784,215.189235294118,16.2864705882353,2100.13823757923,2396.46510447259,1.71946661251014,7.95470078589479,0,1.09766795931349,0.952229367607973
OC473_m4_n7,OC473,2011,8,13,D,4,7,4.07,5,36.9215,-51.9272,225.537813,1254.451,54,283.4,26.2,51.9,23.3200410958904,36.3665479452055,50,25,509,23.1723730769231,36.3662307692308,0.139680769230769,0.139680769230769,215.303538461538,114.211538461538,2054.43368559349,2386.94223609684,1.07986461160779,8.06835817022885,0,0,0.852260929069767
OC473_m4_n8,OC473,2011,8,13,D,4,8,4.08,5,36.9189,-51.9248,225.541204,1259.334,53,277,1,26.4,25.7952328767123,36.3728493150685,25,0,509,25.8975272727273,36.1504409090909,0.0574272727272727,0.0574272727272727,198.143863636364,270.045454545455,2045.02966674187,2378.47938783791,1.26841455648482,8.07787381865799,0,0,0.650324683222591
OC473_m4_n9,OC473,2011,8,13,D,4,9,4.09,5,36.9163,-51.9225,225.544595,1304.217,4,26.4,0.4,1.1,26.1235,36.378625,0,0,509,26.1694,36.2337,0.0617,0.0617,196.714,0.000000000001,2045.02966674187,2378.47938783791,1.26841455648482,8.07787381865799,0,0,0.650324683222591
OC473_m5_n0,OC473,2011,8,13,N,5,0,5,5,36.9619,-52.0088,225.925694,2212.999,325,2343.3,2.7,1012.8,16.3477437759336,36.0469533195021,1000,0,509,15.4509172517553,36.0672807422266,0.0467737211634904,0.0467737211634904,188.462119358074,9.57797615675068,2110.1791077411,2366.62378773723,4.14319475768435,7.93905016587446,0.243291926573227,5.98020755430256,0.369495345049834
OC473_m5_n1,OC473,2011,8,13,N,5,1,5.01,5,36.9286,-52.009,225.970486,2317.5,179,1028.7,799.4,999.7,9.91763957597173,35.2605088339223,1000,800,509,9.7375447761194,35.2839189054727,0.017118407960199,0.017118407960199,152.132014925373,0.000000000001,2173.16974894914,2303.11468621804,13.9787989076479,7.69567268107312,1.11570464593737,21.2980456204557,0.0991392301324503
OC473_m5_n2,OC473,2011,8,13,N,5,2,5.02,5,36.9192,-52.0084,225.983634,2336.433,196,1056.7,600.6,799.1,13.6642374100719,35.7397050359712,800,600,509,13.4770756218905,35.7480407960199,0.0139636815920398,0.0139636815920398,185.061134328358,0.000000000001,2132.23488438915,2331.19789823468,5.58948549769187,7.86510463977919,0.421520984866973,10.317793675685,0.0707425662251656
OC473_m5_n3,OC473,2011,8,13,N,5,3,5.03,5,36.91,-52.0083,225.996551,2355.033,198,1029.1,399.3,599.9,16.5384813432836,36.257328358209,600,400,509,16.3895706467662,36.2657184079602,0.0041955223880597,0.0041955223880597,193.927910447761,0.000000000001,2111.14396559972,2351.90373998225,3.45003902359171,7.93446895136317,0.161631388266962,6.09440590944235,0.183664972406181
OC473_m5_n4,OC473,2011,8,13,N,5,4,5.04,5,36.9011,-52.0074,226.009028,13,207,1090.9,199.6,398.4,17.7112007042253,36.4943309859155,400,200,509,17.7622517412935,36.5406039800995,0.00161293532338308,0.00161293532338308,205.375597014925,0.000340936712378115,2102.22535706327,2379.99393272965,2.2369309805193,8.00134472798692,0.0476153795860203,2.92184598863944,0.113586655629139
OC473_m5_n5,OC473,2011,8,13,N,5,5,5.05,5,36.8919,-52.0059,226.022222,32,100,537.5,98.9,199,18.2185395683453,36.5490215827338,200,100,509,18.2060663366337,36.5858574257426,0.0854009900990098,0.0854009900990098,201.071752475248,0.427315841584159,2107.12568284797,2399.0442795778,2.34511891756612,7.98567972692428,0.106983761126978,3.08820947700329,0.363728565262957
OC473_m5_n6,OC473,2011,8,13,N,5,6,5.06,5,36.8872,-52.0049,226.028681,41.3,79,425.1,50,98.6,19.7247909090909,36.5209636363637,100,50,509,19.412262745098,36.5761176470588,0.519154901960784,0.519154901960784,215.189235294118,16.2864705882353,2100.13823757923,2396.46510447259,1.71946661251014,7.95470078589479,0,1.09766795931349,0.952229367607973
OC473_m5_n7,OC473,2011,8,13,N,5,7,5.07,5,36.8831,-52.0044,226.033796,48.67,62,347.1,26.7,49.9,24.1792717391304,36.3739782608696,50,25,509,23.1723730769231,36.3662307692308,0.139680769230769,0.139680769230769,215.303538461538,114.211538461538,2054.43368559349,2386.94223609684,1.07986461160779,8.06835817022885,0,0,0.852260929069767
OC473_m5_n8,OC473,2011,8,13,N,5,8,5.08,5,36.8798,-52.0039,226.038067,54.82,68,399.4,1.4,26.2,25.8460373831776,36.2572242990654,25,0,509,25.8975272727273,36.1504409090909,0.0574272727272727,0.0574272727272727,198.143863636364,270.045454545455,2045.02966674187,2378.47938783791,1.26841455648482,8.07787381865799,0,0,0.650324683222591
OC473_m5_n9,OC473,2011,8,13,N,5,9,5.09,5,36.8761,-52.0035,226.043032,101.97,7,54.4,1.3,2.2,26.0227857142857,36.1842857142857,0,0,509,26.1694,36.2337,0.0617,0.0617,196.714,0.000000000001,2045.02966674187,2378.47938783791,1.26841455648482,8.07787381865799,0,0,0.650324683222591
OC473_m6_n0,OC473,2011,8,15,N,6,0,6,8,38.5111,-51.9615,227.015937,22.95,355,2426.8,2.1,1011.1,16.3669475374732,36.0398040685225,1000,0,817,14.8134962888666,35.9607043129388,0.0524623871614845,0.0524623871614845,174.217323971916,48.1754609950741,2097.57913910904,2377.25321441589,3.85491421911397,7.96535945439042,0.222906025095361,4.72659639588092,0.423326349833887
OC473_m6_n1,OC473,2011,8,15,N,6,1,6.01,8,38.4803,-51.9526,227.05934,125.45,167,938.1,799.4,1000.7,8.05282101167315,35.093793774319,1000,800,817,7.29491940298507,35.0928995024876,0.0220353233830846,0.0220353233830846,173.264621890547,0.000000000001,2173.9120913487,2319.950895088,14.1062823028602,7.69221111530304,1.17207623294411,19.7477785670301,0.349419683222591
OC473_m6_n2,OC473,2011,8,15,N,6,2,6.02,8,38.4733,-51.9566,227.071285,142.65,215,1054.4,601.5,798.6,12.4901881918819,35.5742546125461,800,600,817,11.3248895522388,35.4517616915423,0.0166756218905473,0.0166756218905473,143.641562189055,0.000000000001,2159.61451601045,2341.58464784501,9.77599459350166,7.78188321964018,0.847181037368169,16.1526594992949,0.151717100747508
OC473_m6_n3,OC473,2011,8,15,N,6,3,6.03,8,38.4656,-51.9626,227.083866,200.77,267,1088.9,405.7,600.4,16.4012271062271,36.2266556776557,600,400,817,15.778971641791,36.1455815920398,0.00827860696517413,0.00827860696517413,176.539950248756,0.000000000001,2126.76675016987,2372.00287176129,3.72228948515698,7.92082658586171,0.24925838709093,7.18390207247826,0.318252856367663
OC473_m6_n4,OC473,2011,8,15,N,6,4,6.04,8,38.4583,-51.9687,227.096551,219.03,310,1240.5,201,405.4,18.0146278317152,36.5367249190939,400,200,817,17.9396845771144,36.5354592039801,0.00442388059701493,0.00442388059701493,193.377383084577,0.0101423487017613,2105.48826832177,2390.48782155287,2.21651867088829,7.98197623191101,0.0674903892309917,2.99404266619384,0.405402008803987
OC473_m6_n5,OC473,2011,8,15,N,6,5,6.05,8,38.451,-51.9773,227.110914,239.716,156,644.4,101.7,200.3,18.9804534161491,36.5805341614907,200,100,817,19.5482693069307,36.6477514851485,0.0750287128712871,0.0750287128712871,181.829772277228,1.58458415841584,2105.01060177272,2398.27879600144,1.9853334935961,7.99121866352983,0.0654639061489273,2.23509258970268,0.0528658095099668
OC473_m6_n6,OC473,2011,8,15,N,6,6,6.06,8,38.4473,-51.982,227.118391,250.483,72,323.6,51.5,101.2,21.6723827160494,36.5776419753087,100,50,817,22.8639,36.7662862745098,0.591850980392157,0.591850980392157,180.079196078431,63.1164705882353,2073.61708196551,2392.7894697679,1.65150734507772,8.03762638108503,0,0,0.575838199667774
OC473_m6_n7,OC473,2011,8,15,N,6,7,6.07,8,38.4455,-51.9847,227.122153,255.9,46,232.8,22.9,50.9,24.9910655737705,36.2258524590164,50,25,817,25.4473076923077,36.4019,0.142684615384615,0.142684615384615,193.932307692308,547.730769230769,2042.07508964453,2374.46361283722,2.02360046835754,8.07248602942979,0.036117619670538,0,0.870755090199335
OC473_m6_n8,OC473,2011,8,15,N,6,8,6.08,8,38.4442,-51.9869,227.124988,259.983,44,243.1,1.5,23.3,26.0344444444444,36.1421269841269,25,0,817,26.26245,36.1441045454545,0.0560363636363636,0.0560363636363636,195.167909090909,1431.59090909091,2029.49077430094,2374.70810100833,2.07552304221239,8.08743916113549,0.024078413113692,0,0.665986405260244
OC473_m6_n9,OC473,2011,8,15,N,6,9,6.09,8,38.4434,-51.9896,227.127917,304.2,6,38.3,1.4,3.1,26.1685555555556,36.1525555555556,0,0,817,26.1694,36.2337,0.0617,0.0617,196.714,0.000000000001,2029.52362326178,2377.10680198575,1.96025313215308,8.08692502510569,0,0,0.630830837707641
OC473_m7_n0,OC473,2011,8,15,D,7,0,7,8,38.5028,-51.8999,227.383009,911.533,521,3554.2,2.5,1007.5,15.1079519927536,35.9311684782608,1000,0,817,14.8134962888666,35.9607043129388,0.0524623871614845,0.0524623871614845,174.217323971916,48.1754609950741,2097.57913910904,2377.25321441589,3.85491421911397,7.96535945439042,0.222906025095361,4.72659639588092,0.423326349833887
OC473_m7_n1,OC473,2011,8,15,D,7,1,7.01,8,38.5362,-51.8457,227.434838,1026.167,276,1314.9,801.3,1001.9,7.67633994334278,35.0619915014165,1000,800,817,7.29491940298507,35.0928995024876,0.0220353233830846,0.0220353233830846,173.264621890547,0.000000000001,2173.9120913487,2319.950895088,14.1062823028602,7.69221111530304,1.17207623294411,19.7477785670301,0.349419683222591
OC473_m7_n2,OC473,2011,8,15,D,7,2,7.02,8,38.5447,-51.8284,227.451238,1049.783,222,1076.3,600.7,801.2,11.7731149825784,35.4735087108014,800,600,817,11.3248895522388,35.4517616915423,0.0166756218905473,0.0166756218905473,143.641562189055,0.000000000001,2159.61451601045,2341.58464784501,9.77599459350166,7.78188321964018,0.847181037368169,16.1526594992949,0.151717100747508
OC473_m7_n3,OC473,2011,8,15,D,7,3,7.03,8,38.552,-51.8137,227.464572,1108.984,216,1067.5,401.5,599.9,15.8833309352518,36.1310791366907,600,400,817,15.778971641791,36.1455815920398,0.00827860696517413,0.00827860696517413,176.539950248756,0.000000000001,2126.76675016987,2372.00287176129,3.72228948515698,7.92082658586171,0.24925838709093,7.18390207247826,0.318252856367663
OC473_m7_n4,OC473,2011,8,15,D,7,4,7.04,8,38.5591,-51.7985,227.477488,1127.583,245,1186.3,201,400.6,17.9689867986799,36.5152739273927,400,200,817,17.9396845771144,36.5354592039801,0.00442388059701493,0.00442388059701493,193.377383084577,0.0101423487017613,2105.48826832177,2390.48782155287,2.21651867088829,7.98197623191101,0.0674903892309917,2.99404266619384,0.405402008803987
OC473_m7_n5,OC473,2011,8,15,D,7,5,7.05,8,38.5672,-51.7811,227.491562,1147.849,125,590.5,100.9,200.3,19.4749666666667,36.58632,200,100,817,19.5482693069307,36.6477514851485,0.0750287128712871,0.0750287128712871,181.829772277228,1.58458415841584,2105.01060177272,2398.27879600144,1.9853334935961,7.99121866352983,0.0654639061489273,2.23509258970268,0.0528658095099668
OC473_m7_n6,OC473,2011,8,15,D,7,6,7.06,8,38.571,-51.7723,227.49853,1157.883,94,471,51.6,100.2,22.9279098360656,36.7296967213115,100,50,817,22.8639,36.7662862745098,0.591850980392157,0.591850980392157,180.079196078431,63.1164705882353,2073.61708196551,2392.7894697679,1.65150734507772,8.03762638108503,0,0,0.575838199667774
OC473_m7_n7,OC473,2011,8,15,D,7,7,7.07,8,38.5743,-51.7648,227.504201,1206.049,86,495.1,22.4,51.6,25.4576641791045,36.3351567164179,50,25,817,25.4473076923077,36.4019,0.142684615384615,0.142684615384615,193.932307692308,547.730769230769,2042.07508964453,2374.46361283722,2.02360046835754,8.07248602942979,0.036117619670538,0,0.870755090199335
OC473_m7_n8,OC473,2011,8,15,D,7,8,7.08,8,38.5762,-51.7559,227.510428,1215.016,34,245.2,1.9,22,26.1898714285714,36.0747571428571,25,0,817,26.26245,36.1441045454545,0.0560363636363636,0.0560363636363636,195.167909090909,1431.59090909091,2029.49077430094,2374.70810100833,2.07552304221239,8.08743916113549,0.024078413113692,0,0.665986405260244
OC473_m7_n9,OC473,2011,8,15,D,7,9,7.09,8,38.5747,-51.754,227.513681,1219.701,3,23.5,2.2,2.9,26.3028333333333,36.1033333333333,0,0,817,26.1694,36.2337,0.0617,0.0617,196.714,0.000000000001,2029.52362326178,2377.10680198575,1.96025313215308,8.08692502510569,0,0,0.630830837707641
OC473_m8_n0,OC473,2011,8,17,N,8,0,8,13,40.8834,-51.9873,229.952384,2251.433,440,2918.6,1.6,1014.2,14.1993184130213,35.7862716174974,1000,0,1324,13.1339859578736,35.7795210631895,0.0677557673019058,0.0677557673019058,185.911780341023,0.000000000001,2113.36121570195,2369.34493104419,5.31441977593928,7.92258000784343,0.278656034854688,7.62067117750747,0.417158795163037
OC473_m8_n1,OC473,2011,8,17,N,8,1,8.01,13,40.854,-52.0264,229.998183,2357.384,115,613.1,895.8,999.4,5.19301212121212,34.9147333333333,1000,900,1324,5.47191881188119,34.9796089108911,0.021619801980198,0.021619801980198,221.18799009901,0.000000000001,2176.31769708601,2319.19422044691,14.1998542459243,7.68944098562281,1.0313484228603,21.3227996103106,0.918049527720739
OC473_m8_n2,OC473,2011,8,17,N,8,2,8.02,13,40.8494,-52.031,230.005868,8.4,272,1300.2,600.8,895.5,8.01396783625731,35.0856169590643,900,600,1324,8.26659003322259,35.1358242524917,0.0227538205980067,0.0227538205980067,164.764863787375,0.000000000001,2176.39574671222,2328.5114718163,13.2653137843315,7.71260388851424,1.01188521945407,21.6149526800715,0.607146190965092
OC473_m8_n3,OC473,2011,8,17,N,8,3,8.03,13,40.84,-52.0433,230.021748,31.32,273,1358.2,399.4,600.3,13.4553342939481,35.684242074928,600,400,1324,13.8978194029851,35.8092820895523,0.0137482587064677,0.0137482587064677,180.131328358209,0.000000000001,2144.07333236507,2347.51151793523,7.87637383921101,7.83133878806421,0.548022180140517,14.113555120634,0.636208672142368
OC473_m8_n4,OC473,2011,8,17,N,8,4,8.04,13,40.8307,-52.0546,230.03787,54.53,238,1151.2,200.7,398.6,17.2445862068966,36.3994275862069,400,200,1324,17.2662094527363,36.4386353233831,0.0144696517412935,0.0144696517412935,196.326099502488,0.000000000001,2117.02838797324,2378.81299323051,3.90101805988297,7.94427785568276,0.122542027957199,6.47451716140705,0.344959394250513
OC473_m8_n5,OC473,2011,8,17,N,8,5,8.05,13,40.8232,-52.0647,230.051354,113.95,105,507.4,101.1,200.4,18.0921162790698,36.5214186046512,200,100,1324,18.1013811881188,36.5551396039604,0.089739603960396,0.089739603960396,194.750534653465,0.000000000001,2106.79388312362,2395.22007755522,2.7985826661979,7.98301758773024,0.0881508906833477,3.68259310024352,0.268185723819302
OC473_m8_n6,OC473,2011,8,17,N,8,6,8.06,13,40.8201,-52.0694,230.05735,122.58,74,365.3,51.2,100.5,19.1977659574468,36.5515,100,50,1324,19.3346431372549,36.5983431372549,0.738633333333334,0.738633333333334,185.588745098039,0.000000000001,2100.88876391805,2399.7514296235,2.53118011010924,7.99306490539131,0.0178643123424436,2.19271623985863,0.234856203811877
OC473_m8_n7,OC473,2011,8,17,N,8,7,8.07,13,40.8179,-52.0729,230.061713,128.87,48,253.6,26.4,50.6,21.1331538461538,36.4294769230769,50,25,1324,21.8596961538462,36.3160615384615,0.193615384615385,0.193615384615385,209.539923076923,0.000000000001,2062.4729080739,2383.66095317248,2.07361152925794,8.03707737912709,0,0.073405375828773,0.288191491317671
OC473_m8_n8,OC473,2011,8,17,N,8,8,8.08,13,40.8163,-52.0755,230.064734,133.22,58,347.8,5.6,26.4,23.5716421052631,35.9267052631579,25,0,1324,23.6495681818182,35.9566545454545,0.0882681818181818,0.0882681818181818,205.087772727273,0.000000000001,2031.98530933578,2358.03469995413,1.74183754436642,8.05867193943565,0,0,0.256455220633299
OC473_m8_n9,OC473,2011,8,17,N,8,9,8.09,13,40.8147,-52.0794,230.069144,139.57,11,81.9,2.3,6.5,23.9397222222222,35.8716111111111,0,0,1324,26.1694,36.2337,0.0617,0.0617,196.714,0.000000000001,2029.58241016495,2354.60693619116,1.64896478640088,8.05838789015278,0,0,0.0602536486210419
OC473_m9_n0,OC473,2011,8,18,D,9,0,9,13,40.9291,-52.0703,230.218843,515.134,432,3019.5,1.7,1009.5,13.7872761545712,35.6953760603204,1000,0,1323,12.6566449348044,35.703965997994,0.0559241725175527,0.0559241725175527,188.275418254764,0.000000000001,2113.36121570195,2369.34493104419,5.31441977593928,7.92258000784343,0.278656034854688,7.62067117750747,0.417158795163037
OC473_m9_n1,OC473,2011,8,18,D,9,1,9.01,13,40.9543,-52.0392,230.26816,626.15,165,900.1,801.5,1001.3,5.65911646586345,34.9642690763052,1000,800,1323,5.82034179104478,35.028136318408,0.0182054726368159,0.0182054726368159,209.829303482587,0.000000000001,2171.72011499041,2319.19422044691,14.1998542459243,7.68944098562281,1.0313484228603,21.3227996103106,0.918049527720739
OC473_m9_n2,OC473,2011,8,18,D,9,2,9.02,13,40.9615,-52.0329,230.279734,642.817,246,1152,601.2,801.3,8.53407744107745,35.1022356902357,800,600,1323,8.42418059701492,35.1503213930348,0.0200825870646766,0.0200825870646766,158.581104477612,0.000000000001,2176.39574671222,2328.5114718163,13.2653137843315,7.71260388851424,1.01188521945407,21.6149526800715,0.607146190965092
OC473_m9_n3,OC473,2011,8,18,D,9,3,9.03,13,40.9715,-52.024,230.29353,702.683,308,1263.9,401.6,600.7,13.1242044025157,35.649251572327,600,400,1323,12.9192820895522,35.6557686567164,0.0125666666666667,0.0125666666666667,181.712497512438,0.000000000001,2144.07333236507,2347.51151793523,7.87637383921101,7.83133878806421,0.548022180140517,14.113555120634,0.636208672142368
OC473_m9_n4,OC473,2011,8,18,D,9,4,9.04,13,40.9827,-52.0147,230.30831,723.966,322,1196.2,201.5,400.9,16.7351753246753,36.2970064935065,400,200,1323,16.4713915422886,36.2718567164179,0.00921194029850746,0.00921194029850746,192.736751243781,0.000000000001,2117.02838797324,2378.81299323051,3.90101805988297,7.94427785568276,0.122542027957199,6.47451716140705,0.344959394250513
OC473_m9_n5,OC473,2011,8,18,D,9,5,9.05,13,40.9935,-52.0055,230.322616,744.567,232,944.7,102.2,200.7,18.019366255144,36.5197242798354,200,100,1323,18.2124772277228,36.5846653465346,0.0925564356435644,0.0925564356435644,198.059435643564,0.000000000001,2106.79388312362,2395.22007755522,2.7985826661979,7.98301758773024,0.0881508906833477,3.68259310024352,0.268185723819302
OC473_m9_n6,OC473,2011,8,18,D,9,6,9.06,13,41.0009,-52.0001,230.333912,800.833,82,380.8,51.9,102.2,19.3016224489796,36.5938775510204,100,50,1323,19.5987019607843,36.6317137254902,0.554,0.554,191.887568627451,0.000000000001,2100.88876391805,2399.7514296235,2.53118011010924,7.99306490539131,0.0178643123424436,2.19271623985863,0.234856203811877
OC473_m9_n7,OC473,2011,8,18,D,9,7,9.07,13,41.0035,-51.9981,230.338461,807.384,60,306.7,26.3,52.2,21.5224512195122,36.2470243902439,50,25,1323,22.9095230769231,36.0157538461539,0.1832,0.1832,208.1585,0.000000000001,2062.4729080739,2383.66095317248,2.07361152925794,8.03707737912709,0,0.073405375828773,0.288191491317671
OC473_m9_n8,OC473,2011,8,18,D,9,8,9.08,13,41.0057,-51.9963,230.342269,812.867,47,293,0.7,25.8,23.8939135802469,35.6652592592593,25,0,1323,23.9664636363636,35.7094954545455,0.0941090909090909,0.0941090909090909,205.963272727273,0.000000000001,2031.98530933578,2358.03469995413,1.74183754436642,8.05867193943565,0,0,0.256455220633299
OC473_m9_n9,OC473,2011,8,18,D,9,9,9.09,13,41.008,-51.9943,230.34603,818.283,4,27.2,0.6,1.1,24.1963333333333,35.5163333333333,0,0,1323,26.1694,36.2337,0.0617,0.0617,196.714,0.000000000001,2029.58241016495,2354.60693619116,1.64896478640088,8.05838789015278,0,0,0.0602536486210419
OC473_m10_n0,OC473,2011,8,19,N,10,0,10,17,42.9874,-47.7762,231.87125,2054.6,429,2980.5,1.7,1006.3,5.38346492985972,34.5940781563126,1000,0,1730,4.34203420260783,34.6240421263791,0.132193981945837,0.132193981945837,263.300762286861,0.000000000001,2120.51556086488,2284.35350921407,9.14938699708132,7.74337040228662,0.607538253489886,11.8500971686975,1.00803436057096
OC473_m10_n1,OC473,2011,8,19,N,10,1,10.01,17,43.0242,-47.7695,231.917627,2201.383,230,1099.1,800.1,995,4.08570588235295,34.8870553633218,1000,800,1730,4.10289353233831,34.923115920398,0.0225293532338308,0.0225293532338308,263.955800995025,0.000000000001,2138.19372633571,2309.22376805651,12.6675683733932,7.71678134561916,0.748626573485206,19.0001821459069,0.702558212461696
OC473_m10_n2,OC473,2011,8,19,N,10,2,10.02,17,43.0349,-47.7571,231.931053,2220.716,258,1116.5,599.9,799.5,4.44321678321678,34.919013986014,800,600,1730,4.46537860696517,34.9508925373134,0.0204268656716418,0.0204268656716418,257.095134328358,0.000000000001,2137.48187762455,2311.77101947291,11.6620279848235,7.71617039547108,0.778892350726589,16.3680184179984,0.522338356420503
OC473_m10_n3,OC473,2011,8,19,N,10,3,10.03,17,43.0449,-47.7449,231.94434,2239.85,272,1159.8,387.3,599.2,4.78475850340136,34.908962585034,600,400,1730,4.75961791044776,34.9431631840796,0.0235009950248756,0.0235009950248756,253.829134328358,0.000000000001,2149.464996832,2309.83898891795,11.9008404839001,7.71180203243335,0.791305146740065,16.3499601822712,1.0474885380117
OC473_m10_n4,OC473,2011,8,19,N,10,4,10.04,17,43.0569,-47.7317,231.957998,2259.517,293,1240.5,201.6,387,4.67852229299363,34.7356592356688,400,200,1730,4.72852835820896,34.7558447761194,0.0271731343283582,0.0271731343283582,244.569776119403,0.000000000001,2150.95329429199,2301.79481236785,12.2173356593666,7.69122824943183,0.798769159647312,15.7279347342367,1.26847675438597
OC473_m10_n5,OC473,2011,8,19,N,10,5,10.05,17,43.0715,-47.7175,231.972593,2320.534,133,608.1,101.9,201.4,2.58729220779221,34.1063766233766,200,100,1730,2.90668613861386,34.0595940594059,0.0645960396039604,0.0645960396039604,282.830871287129,0.000000000001,2138.71467745251,2286.55332945497,8.93905392818335,7.72838203441899,0.620527824317741,11.0339701897333,0.872069368421055
OC473_m10_n6,OC473,2011,8,19,N,10,6,10.06,17,43.0793,-47.7101,231.979745,2330.833,74,382.5,48.5,102.3,2.13540404040404,33.4941313131313,100,50,1730,1.32855490196078,33.3227098039216,0.379705882352941,0.379705882352941,315.95368627451,0.000000000001,2119.12695443124,2278.64846348464,6.51936067837384,7.76418452320634,0.504761690489235,7.94729726257876,1.04398070175439
OC473_m10_n7,OC473,2011,8,19,N,10,7,10.07,17,43.0845,-47.7048,231.984352,2337.467,35,185.7,24.2,47.7,3.70178,32.7328,50,25,1730,2.96728076923077,32.8584653846154,2.72976923076923,2.72976923076923,335.992423076923,0.000000000001,2063.32206946923,2228.49739198368,3.76371443999299,7.79706389090578,0.242782773013297,2.57872718324338,1.31886754385965
OC473_m10_n8,OC473,2011,8,19,N,10,8,10.08,17,43.0872,-47.7022,231.986667,2340.8,73,397.2,-1.8,24.3,13.1981509433962,32.1486226415094,25,0,1730,13.2466727272727,32.3158272727273,0.904909090909091,0.904909090909091,278.925136363636,0.000000000001,1989.98470774309,2202.48531303068,1.47025766536908,7.90847757837705,0.0870117148583363,0,1.19888947368421
OC473_m10_n9,OC473,2011,8,19,N,10,9,10.09,17,43.0925,-47.696,231.991597,2347.9,3,23.7,-1.8,-1,17.4825714285714,32.0475714285714,0,0,1730,26.1694,36.2337,0.0617,0.0617,196.714,0.000000000001,1956.58940010398,2183.62421406537,1.32176701935341,7.93191967425832,0.120309115046593,0,0.95804210526316
OC473_m11_n0,OC473,2011,8,20,D,11,0,11,17,43.1032,-47.6398,232.210926,503.733,191,1476.4,1.6,1011.5,5.72342237442922,34.5855627853881,1000,0,1731,4.39194353059177,34.64018445336,0.146907723169509,0.146907723169509,262.52725777332,0.000000000001,2120.51556086488,2284.35350921407,9.14938699708132,7.74337040228662,0.607538253489886,11.8500971686975,1.00803436057096
OC473_m11_n1,OC473,2011,8,20,D,11,1,11.01,17,43.0904,-47.6117,232.251632,602.35,162,1043.5,800.3,999,4.19378025477707,34.8920605095542,1000,800,1731,4.17930099502487,34.9295417910448,0.0208577114427861,0.0208577114427861,262.853343283582,0.000000000001,2138.19372633571,2309.22376805651,12.6675683733932,7.71678134561916,0.748626573485206,19.0001821459069,0.702558212461696
OC473_m11_n2,OC473,2011,8,20,D,11,2,11.02,17,43.0862,-47.6027,232.266215,623.35,156,923.6,598.4,799.8,4.55753159851301,34.9186840148699,800,600,1731,4.48354278606965,34.9485845771145,0.022518407960199,0.022518407960199,257.176338308458,0.000000000001,2137.48187762455,2311.77101947291,11.6620279848235,7.71617039547108,0.778892350726589,16.3680184179984,0.522338356420503
OC473_m11_n3,OC473,2011,8,20,D,11,3,11.03,17,43.0821,-47.5952,232.278715,641.35,178,1064.4,400,598,5.09527062706271,34.9348382838284,600,400,1731,4.84763980099503,34.9525412935323,0.0228492537313433,0.0228492537313433,250.492870646766,0.000000000001,2149.464996832,2309.83898891795,11.9008404839001,7.71180203243335,0.791305146740065,16.3499601822712,1.0474885380117
OC473_m11_n4,OC473,2011,8,20,D,11,4,11.04,17,43.0775,-47.5876,232.292789,701.616,187,1006,200.8,399.4,5.24097069597069,34.6472344322344,400,200,1731,4.8090815920398,34.7871432835821,0.0310189054726368,0.0310189054726368,243.587064676617,0.000000000001,2150.95329429199,2301.79481236785,12.2173356593666,7.69122824943183,0.798769159647312,15.7279347342367,1.26847675438597
OC473_m11_n5,OC473,2011,8,20,D,11,5,11.05,17,43.073,-47.5802,232.305475,719.884,119,602,101.6,200.2,11.6812371794872,35.4022371794872,200,100,1731,2.5759099009901,34.0972504950495,0.0477920792079208,0.0477920792079208,287.248396039604,0.000000000001,2138.71467745251,2286.55332945497,8.93905392818335,7.72838203441899,0.620527824317741,11.0339701897333,0.872069368421055
OC473_m11_n6,OC473,2011,8,20,D,11,6,11.06,17,43.0703,-47.5756,232.312731,730.333,93,459.5,50.8,101,12.6096752136752,35.3734102564103,100,50,1731,1.74144117647059,33.4500058823529,0.351319607843137,0.351319607843137,314.001431372549,0.000000000001,2119.12695443124,2278.64846348464,6.51936067837384,7.76418452320634,0.504761690489235,7.94729726257876,1.04398070175439
OC473_m11_n7,OC473,2011,8,20,D,11,7,11.07,17,43.0678,-47.5723,232.31816,738.15,72,373,26,51.1,9.10686734693877,33.9651224489796,50,25,1731,4.11494230769231,32.7768192307692,3.28755,3.28755,331.453076923077,0.000000000001,2063.32206946923,2228.49739198368,3.76371443999299,7.79706389090578,0.242782773013297,2.57872718324338,1.31886754385965
OC473_m11_n8,OC473,2011,8,20,D,11,8,11.08,17,43.0658,-47.5696,232.32272,744.717,93,524.4,-1.3,26.2,16.7849361702128,32.8536808510638,25,0,1731,12.21505,32.2513863636364,0.980945454545454,0.980945454545454,283.961363636364,0.000000000001,1989.98470774309,2202.48531303068,1.47025766536908,7.90847757837705,0.0870117148583363,0,1.19888947368421
OC473_m11_n9,OC473,2011,8,20,D,11,9,11.09,17,43.0635,-47.5673,232.329271,754.15,4,31,-0.8,0.3,19.9511666666667,32.5355,0,0,1731,26.1694,36.2337,0.0617,0.0617,196.714,0.000000000001,1956.58940010398,2183.62421406537,1.32176701935341,7.93191967425832,0.120309115046593,0,0.95804210526316
OC473_m12_n0,OC473,2011,8,21,N,12,0,12,21,44.9322,-41.9958,233.877211,2103.184,276,2054.2,12,1007.4,9.98204858757063,35.2614666666666,1000,0,2136,9.70272758274826,35.2643394182547,0.0793313941825476,0.0793313941825476,204.172519558676,0.000000000001,2128.73479540444,2336.55750486149,6.98878110262571,7.84412307053286,0.45484712000277,10.3113105727477,0
OC473_m12_n1,OC473,2011,8,21,N,12,1,12.01,21,44.9051,-41.9655,233.918322,2202.384,219,1214.9,799.9,1000.8,5.2535701754386,34.9656900584796,1000,800,2136,5.07039701492537,34.9893825870647,0.0194825870646766,0.0194825870646766,237.763810945274,0.000000000001,2165.79809100512,2312.71880174393,12.1427649904104,7.71134347076304,0.797703416067969,16.840182548694,0
OC473_m12_n2,OC473,2011,8,21,N,12,2,12.02,21,44.8964,-41.9557,233.934213,2225.267,209,1109.4,601.2,798.6,6.75478289473684,35.0195592105263,800,600,2136,6.288692039801,35.0333179104478,0.01998407960199,0.01998407960199,203.000084577114,0.000000000001,2177.99497676049,2313.38340175292,13.3540866827335,7.69817272167593,0.932111813638357,18.5505819572105,0
OC473_m12_n3,OC473,2011,8,21,N,12,3,12.03,21,44.8877,-41.9471,233.948345,2245.617,200,1098.9,401.1,600,8.83345695364238,35.0362913907285,600,400,2136,8.72072587064677,35.1207676616915,0.0219791044776119,0.0219791044776119,175.921651741294,0.000000000001,2168.0922595027,2316.03782926508,11.6472623583662,7.72367130486973,0.848085021545394,17.3686989821182,0
OC473_m12_n4,OC473,2011,8,21,N,12,4,12.04,21,44.8785,-41.9389,233.962373,2305.817,240,1330.2,202.4,399.8,12.8890449438202,35.5792837078652,400,200,2136,12.4862064676617,35.5497139303483,0.017671144278607,0.017671144278607,191.711373134328,0.000000000001,2142.03022095646,2343.95264700414,6.67349014526745,7.83767777485503,0.459287791709531,11.0415910025098,0
OC473_m12_n5,OC473,2011,8,21,N,12,5,12.05,21,44.8677,-41.9308,233.978912,2329.633,99,586.2,102.7,202.5,14.6660440251572,35.8692578616352,200,100,2136,14.2625099009901,35.8064069306931,0.0922940594059406,0.0922940594059406,205.969366336634,0.000000000001,2128.5510941078,2357.54444065752,4.81293727022038,7.89227176973489,0.219384217863105,7.85300296641161,0
OC473_m12_n6,OC473,2011,8,21,N,12,6,12.06,21,44.8629,-41.9273,233.986296,2340.266,64,391.4,51.1,102.4,16.0879814814815,36.0126574074074,100,50,2136,16.0784450980392,35.9840274509804,0.724388235294118,0.724388235294118,209.266882352941,0.000000000001,2116.69028787181,2366.37374698076,3.07681034344966,7.92851655386607,0.135512940460724,4.63672998776726,0
OC473_m12_n7,OC473,2011,8,21,N,12,7,12.07,21,44.8595,-41.9249,233.991319,2347.499,38,243.3,24.6,49.9,18.9804202898551,35.8884347826087,50,25,2136,18.0296769230769,35.1416615384615,0.557153846153846,0.557153846153846,244.784192307692,0.000000000001,2054.00596629654,2336.65058855466,2.28469852860282,7.99522024396775,0.113959714435832,0.735954697565662,0
OC473_m12_n8,OC473,2011,8,21,N,12,8,12.08,21,44.8574,-41.9234,233.994525,2352.116,46,287.3,0.4,24.5,22.3612125,34.79045,25,0,2136,22.2244045454545,34.5932454545455,0.184740909090909,0.184740909090909,212.745818181818,0.000000000001,2011.41141729658,2310.5191507291,2.15099845396644,8.03246375061696,0.112230968210067,0.495143739294913,0
OC473_m12_n9,OC473,2011,8,21,N,12,9,12.09,21,44.855,-41.922,233.998241,2357.467,3,20.6,0.4,1.7,22.4622,34.72,0,0,2136,26.1694,36.2337,0.0617,0.0617,196.714,0.000000000001,2009.06533090838,2309.96227839106,1.57327435083166,8.03382211884258,0.11834026917824,0,0
OC473_m13_n0,OC473,2011,8,22,D,13,0,13,21,45.0127,-42.0055,234.210069,502.499,541,3643.3,2.3,1007.9,10.291772173913,35.179672173913,1000,0,2136,9.70272758274826,35.2643394182547,0.0793313941825476,0.0793313941825476,204.172519558676,0.000000000001,2128.73479540444,2336.55750486149,6.98878110262571,7.84412307053286,0.45484712000277,10.3113105727477,0
OC473_m13_n1,OC473,2011,8,22,D,13,1,13.01,21,45.0251,-41.9384,234.263507,619.45,310,1507.2,808.4,1002,5.03194102564103,34.9492589743589,1000,800,2136,5.07039701492537,34.9893825870647,0.0194825870646766,0.0194825870646766,237.763810945274,0.000000000001,2165.79809100512,2312.71880174393,12.1427649904104,7.71134347076304,0.797703416067969,16.840182548694,0
OC473_m13_n2,OC473,2011,8,22,D,13,2,13.02,21,45.0215,-41.916,234.28162,645.533,222,1030.2,600.7,807.8,6.30417045454546,34.9929053030303,800,600,2136,6.288692039801,35.0333179104478,0.01998407960199,0.01998407960199,203.000084577114,0.000000000001,2177.99497676049,2313.38340175292,13.3540866827335,7.69817272167593,0.932111813638357,18.5505819572105,0
OC473_m13_n3,OC473,2011,8,22,D,13,3,13.03,21,45.0182,-41.9008,234.293889,703.2,248,1201.1,401.6,599.6,8.63058766233767,35.0728928571428,600,400,2136,8.72072587064677,35.1207676616915,0.0219791044776119,0.0219791044776119,175.921651741294,0.000000000001,2168.0922595027,2316.03782926508,11.6472623583662,7.72367130486973,0.848085021545394,17.3686989821182,0
OC473_m13_n4,OC473,2011,8,22,D,13,4,13.04,21,45.0141,-41.8819,234.308206,723.817,230,1132.2,201,400.7,12.1790137457045,35.4757697594502,400,200,2136,12.4862064676617,35.5497139303483,0.017671144278607,0.017671144278607,191.711373134328,0.000000000001,2142.03022095646,2343.95264700414,6.67349014526745,7.83767777485503,0.459287791709531,11.0415910025098,0
OC473_m13_n5,OC473,2011,8,22,D,13,5,13.05,21,45.0106,-41.8634,234.321725,743.284,123,618.5,101.1,200.6,14.0620506329114,35.7576962025316,200,100,2136,14.2625099009901,35.8064069306931,0.0922940594059406,0.0922940594059406,205.969366336634,0.000000000001,2128.5510941078,2357.54444065752,4.81293727022038,7.89227176973489,0.219384217863105,7.85300296641161,0
OC473_m13_n6,OC473,2011,8,22,D,13,6,13.06,21,45.0084,-41.8529,234.329063,753.851,86,441.1,51.7,100.8,15.705701754386,36.0049298245614,100,50,2136,16.0784450980392,35.9840274509804,0.724388235294118,0.724388235294118,209.266882352941,0.000000000001,2116.69028787181,2366.37374698076,3.07681034344966,7.92851655386607,0.135512940460724,4.63672998776726,0
OC473_m13_n7,OC473,2011,8,22,D,13,7,13.07,21,45.0066,-41.8452,234.334363,801.483,85,451.5,26,51.6,17.3072869565217,35.2708434782609,50,25,2136,18.0296769230769,35.1416615384615,0.557153846153846,0.557153846153846,244.784192307692,0.000000000001,2054.00596629654,2336.65058855466,2.28469852860282,7.99522024396775,0.113959714435832,0.735954697565662,0
OC473_m13_n8,OC473,2011,8,22,D,13,8,13.08,21,45.0047,-41.8374,234.339699,809.167,95,522.8,0.1,25.8,21.6419343065694,34.4094671532847,25,0,2136,22.2244045454545,34.5932454545455,0.184740909090909,0.184740909090909,212.745818181818,0.000000000001,2011.41141729658,2310.5191507291,2.15099845396644,8.03246375061696,0.112230968210067,0.495143739294913,0
OC473_m13_n9,OC473,2011,8,22,D,13,9,13.09,21,45.0019,-41.829,234.346076,818.349,4,30,0.5,2.1,21.903375,34.37975,0,0,2136,26.1694,36.2337,0.0617,0.0617,196.714,0.000000000001,2009.06533090838,2309.96227839106,1.57327435083166,8.03382211884258,0.11834026917824,0,0
OC473_m14_n0,OC473,2011,8,22,D,14,0,14,26,47.5121,-42.0298,235.358634,836.433,304,2354.3,11.2,1012.9,8.71515746421269,35.2220122699386,1000,0,2642,9.20649839518554,35.2723634904714,0.0742504513540621,0.0742504513540621,224.51653560682,4.7494268574069,2124.86668600632,2327.45249313521,6.39354475147395,7.84287682164064,0.447273669829267,9.91870832752552,0.027672343387471
OC473_m14_n1,OC473,2011,8,22,D,14,1,14.01,26,47.5372,-42.0224,235.404919,943.083,178,1024.1,801.7,997.5,4.83771631205674,34.9195567375886,1000,800,2642,4.81977860696518,34.9551323383085,0.0227328358208955,0.0227328358208955,247.555124378109,0.000000000001,2164.3811966691,2306.72342091828,11.4094396901387,7.71472615048776,0.963012294455821,16.5791371860286,0
OC473_m14_n2,OC473,2011,8,22,D,14,2,14.02,26,47.5441,-42.0191,235.418021,1001.95,216,1122.9,601.1,801.3,6.24540531561461,34.9417009966778,800,600,2642,6.14705024875622,34.9769194029851,0.0238686567164179,0.0238686567164179,206.952154228856,0.000000000001,2176.70590628616,2307.04008761481,12.6014230609997,7.69735350857484,0.984844891236764,18.0972915734443,0
OC473_m14_n3,OC473,2011,8,22,D,14,3,14.03,26,47.5512,-42.0154,235.432014,1022.1,240,1234.3,400.6,600.8,10.1813503184713,35.2683471337579,600,400,2642,9.83397960199005,35.2629353233831,0.0164482587064677,0.0164482587064677,205.080064676617,0.000000000001,2153.59801264376,2324.23909429901,9.00281362316882,7.78165691271552,0.665485944330575,14.3851675039846,0.147585831399845
OC473_m14_n4,OC473,2011,8,22,D,14,4,14.04,26,47.5583,-42.013,235.446597,1043.1,233,1138.4,201.1,399.8,12.078339100346,35.5765224913495,400,200,2642,12.0607577114428,35.6058024875622,0.00999452736318408,0.00999452736318408,233.838666666667,0.00672724793106972,2127.40038070878,2338.58114981188,5.5096527208636,7.86200618354438,0.344625263792056,9.27825073753924,0
OC473_m14_n5,OC473,2011,8,22,D,14,5,14.05,26,47.5652,-42.0091,235.460035,1102.45,143,674.7,102.2,199.7,12.4093107344633,35.6091129943503,200,100,2642,12.4356831683168,35.6516930693069,0.015850495049505,0.015850495049505,231.493594059406,0.627171287128713,2126.788490715,2340.1288650098,4.9640635379451,7.8623897968624,0.331129740820699,9.30838735731076,0
OC473_m14_n6,OC473,2011,8,22,D,14,6,14.06,26,47.5699,-42.0067,235.468252,1114.283,92,468.5,49.6,101.9,12.8610166666667,35.598225,100,50,2642,12.7779274509804,35.6282450980392,0.207590196078431,0.207590196078431,219.701333333333,6.00117647058824,2105.48785209905,2341.3506699485,3.66103634606897,7.90797020227452,0.194525073683181,6.01722907238922,0
OC473_m14_n7,OC473,2011,8,22,D,14,7,14.07,26,47.5727,-42.0051,235.473831,1122.317,67,361.5,26,49.2,14.9561546391753,35.4968041237113,50,25,2642,14.3437230769231,35.5888461538461,1.41161538461538,1.41161538461538,232.297538461538,34.8,2058.60887990671,2325.39556876596,1.84857069605155,7.98036795616356,0,0.641609979202421,0
OC473_m14_n8,OC473,2011,8,22,D,14,8,14.08,26,47.5753,-42.0031,235.478333,1128.8,87,540,0.1,26.3,16.7052244897959,35.0386394557823,25,0,2642,16.8834454545455,35.0134090909091,0.595009090909091,0.595009090909091,236.711363636364,161.304545454545,2040.28339132805,2309.38112928549,1.60590047976169,7.98620230141998,0,0,0
OC473_m14_n9,OC473,2011,8,22,D,14,9,14.09,26,47.5764,-41.9995,235.485162,1138.633,3,21.7,0.2,1.1,17.4648333333333,34.8101666666667,0,0,2642,26.1694,36.2337,0.0617,0.0617,196.714,0.000000000001,2038.63367543438,2306.47739488213,1.76015546142519,7.98165225784299,0,0,0
OC473_m15_n0,OC473,2011,8,23,N,15,0,15,26,47.4902,-41.986,235.800868,1913.25,284,2076.4,0.8,1011.5,8.89023455497383,35.1263759162303,1000,0,2642,9.20649839518554,35.2723634904714,0.0742504513540621,0.0742504513540621,224.51653560682,4.7494268574069,2124.86668600632,2327.45249313521,6.39354475147395,7.84287682164064,0.447273669829267,9.91870832752552,0.027672343387471
OC473_m15_n1,OC473,2011,8,23,N,15,1,15.01,26,47.463,-41.9651,235.845266,2017.183,178,983.3,800.4,1001.3,4.68093818181818,34.9133090909091,1000,800,2642,4.81977860696518,34.9551323383085,0.0227328358208955,0.0227328358208955,247.555124378109,0.000000000001,2164.3811966691,2306.72342091828,11.4094396901387,7.71472615048776,0.963012294455821,16.5791371860286,0
OC473_m15_n2,OC473,2011,8,23,N,15,2,15.02,26,47.4518,-41.9648,235.858044,2035.583,223,1139.2,601.2,799.9,5.40194098360656,34.8810885245902,800,600,2642,6.14705024875622,34.9769194029851,0.0238686567164179,0.0238686567164179,206.952154228856,0.000000000001,2176.70590628616,2307.04008761481,12.6014230609997,7.69735350857484,0.984844891236764,18.0972915734443,0
OC473_m15_n3,OC473,2011,8,23,N,15,3,15.03,26,47.4393,-41.9651,235.872211,2055.984,225,1135.8,400.5,600.2,8.22608524590163,35.0195081967213,600,400,2642,9.83397960199005,35.2629353233831,0.0164482587064677,0.0164482587064677,205.080064676617,0.000000000001,2153.59801264376,2324.23909429901,9.00281362316882,7.78165691271552,0.665485944330575,14.3851675039846,0.147585831399845
OC473_m15_n4,OC473,2011,8,23,N,15,4,15.04,26,47.4267,-41.9661,235.886389,2116.4,185,980.4,201.6,399.7,11.2601312741313,35.4127451737451,400,200,2642,12.0607577114428,35.6058024875622,0.00999452736318408,0.00999452736318408,233.838666666667,0.00672724793106972,2127.40038070878,2338.58114981188,5.5096527208636,7.86200618354438,0.344625263792056,9.27825073753924,0
OC473_m15_n5,OC473,2011,8,23,N,15,5,15.05,26,47.4154,-41.9667,235.898426,2133.733,112,621.3,100.2,201.3,12.0313742331288,35.4268895705521,200,100,2642,12.4356831683168,35.6516930693069,0.015850495049505,0.015850495049505,231.493594059406,0.627171287128713,2126.788490715,2340.1288650098,4.9640635379451,7.8623897968624,0.331129740820699,9.30838735731076,0
OC473_m15_n6,OC473,2011,8,23,N,15,6,15.06,26,47.4078,-41.9675,235.905995,2144.633,56,304.6,50.2,100.1,12.7754683544304,35.4472658227848,100,50,2642,12.7779274509804,35.6282450980392,0.207590196078431,0.207590196078431,219.701333333333,6.00117647058824,2105.48785209905,2341.3506699485,3.66103634606897,7.90797020227452,0.194525073683181,6.01722907238922,0
OC473_m15_n7,OC473,2011,8,23,N,15,7,15.07,26,47.4044,-41.9675,235.909664,2149.916,36,190.6,25.6,49.6,14.0883333333333,34.9462352941176,50,25,2642,14.3437230769231,35.5888461538461,1.41161538461538,1.41161538461538,232.297538461538,34.8,2058.60887990671,2325.39556876596,1.84857069605155,7.98036795616356,0,0.641609979202421,0
OC473_m15_n8,OC473,2011,8,23,N,15,8,15.08,26,47.402,-41.9678,235.912037,2153.333,60,333.5,1,25.4,15.9556091954023,34.8362413793103,25,0,2642,16.8834454545455,35.0134090909091,0.595009090909091,0.595009090909091,236.711363636364,161.304545454545,2040.28339132805,2309.38112928549,1.60590047976169,7.98620230141998,0,0,0
OC473_m15_n9,OC473,2011,8,23,N,15,9,15.09,26,47.3981,-41.9677,235.916076,2159.149,4,23.8,-0.3,0.6,16.4085714285714,34.82,0,0,2642,26.1694,36.2337,0.0617,0.0617,196.714,0.000000000001,2038.63367543438,2306.47739488213,1.76015546142519,7.98165225784299,0,0,0
OC473_m16_n0,OC473,2011,8,25,N,16,0,16,31,49.9927,-41.9898,236.960116,2302.567,151,864.9,0.7,1012.3,6.53133115671642,34.6206669776121,1000,0,3048,8.46973249749248,35.2117007021063,0.0681433299899699,0.0681433299899699,221.482538615847,0.0689987527972792,2126.17032002973,2317.56423335651,7.21005982225549,7.82344420770186,0.499553615631757,10.8997117822482,0.614167295068715
OC473_m16_n1,OC473,2011,8,25,N,16,1,16.01,31,50.0246,-41.9105,237.012824,18.47,285,1241.6,801.4,1000.7,4.25024605678233,34.8899274447949,1000,800,3048,4.58878606965174,34.9549263681592,0.0211099502487562,0.0211099502487562,251.338895522388,0.000000000001,2158.02113304496,2300.88580274143,11.9667218343829,7.72191987695183,0.81858172509684,16.8628261582629,1.08393911075182
OC473_m16_n2,OC473,2011,8,25,N,16,2,16.02,31,50.0327,-41.8893,237.027558,39.68,246,992.9,600.8,800.4,4.72533333333334,34.9174325396826,800,600,3048,5.32051343283582,34.9791253731343,0.0238388059701492,0.0238388059701492,229.623776119403,0.000000000001,2163.10938156164,2302.26766886744,12.7124114342296,7.71377446548673,0.929816235620179,17.662537259693,0.817819409862571
OC473_m16_n3,OC473,2011,8,25,N,16,3,16.03,31,50.0379,-41.8703,237.039259,56.53,365,1510.8,400.5,600.4,5.77656806282722,34.8941230366492,600,400,3048,7.53870945273632,35.0414905472637,0.0266497512437811,0.0266497512437811,187.161512437811,0.000000000001,2168.85158023149,2301.3283130212,12.9480569693144,7.69587837765013,0.970952022942437,18.3099549236569,0.804035025599569
OC473_m16_n4,OC473,2011,8,25,N,16,4,16.04,31,50.0476,-41.8425,237.057014,122.1,239,1122.9,199.9,400.4,9.40316428571428,35.1459035714286,400,200,3048,11.3043218905473,35.4650039800995,0.0200169154228856,0.0200169154228856,218.992154228856,0.000000000001,2143.99972606818,2318.38757766883,8.64994090410152,7.79152488344655,0.667767789840519,13.699597679845,0.921121207221773
OC473_m16_n5,OC473,2011,8,25,N,16,5,16.05,31,50.0532,-41.8216,237.070023,140.83,121,629.3,101.5,199.6,11.8347070063694,35.3988152866242,200,100,3048,12.6306227722772,35.6257722772277,0.0218693069306931,0.0218693069306931,217.552108910891,0.000138678594970297,2128.30622529894,2336.0304448154,5.4237694247329,7.85539735197289,0.341893670140895,9.90911823243471,0.545861616814875
OC473_m16_n6,OC473,2011,8,25,N,16,6,16.06,31,50.0564,-41.8101,237.077315,151.33,55,318.5,51.4,100.3,11.6943012048193,35.2082409638554,100,50,3048,13.7541901960784,35.7755901960784,0.187072549019608,0.187072549019608,214.158862745098,0.0644225490196079,2127.86976674744,2346.34746636847,4.63220343791606,7.88052136970335,0.296424126660115,8.57377363871715,0.169953349501482
OC473_m16_n7,OC473,2011,8,25,N,16,7,16.07,31,50.058,-41.8042,237.081169,156.88,29,188.5,25.8,50.9,12.4062452830189,35.1601132075472,50,25,3048,14.7950653846154,35.8384307692308,1.21291538461538,1.21291538461538,227.807307692308,0.523730769230769,2121.45538078616,2349.45837862751,4.02670663378719,7.89404159151934,0.268471138479826,7.08542688644701,0.136708658043654
OC473_m16_n8,OC473,2011,8,25,N,16,8,16.08,31,50.059,-41.8007,237.083634,200.43,39,269.6,0.2,25.7,16.4166923076923,34.4503974358974,25,0,3048,17.2564545454545,35.0338772727273,0.371959090909091,0.371959090909091,238.205727272727,2.41863636363636,2054.60812387429,2297.51905074663,2.31355455963192,7.93730628990755,0.119747797319478,2.07251496879641,0.482291279978442
OC473_m16_n9,OC473,2011,8,25,N,16,9,16.09,31,50.0603,-41.7953,237.087257,205.65,5,39.1,0.1,1.2,15.9156,32.4632,0,0,3048,26.1694,36.2337,0.0617,0.0617,196.714,0.000000000001,1991.88882235613,2213.1235522473,1.59816974248506,7.93395899847124,0.0788507875191981,0,0.871821762328213
OC473_m17_n0,OC473,2011,8,25,D,17,0,17,31,50.0912,-41.7312,237.331551,757.433,239,1777.9,5.1,1013.2,8.55248144104803,35.0772183406114,1000,0,3151,8.06077231695085,35.1212287863591,0.0871200601805418,0.0871200601805418,224.993075225677,3.01887472497362,2126.17032002973,2317.56423335651,7.21005982225549,7.82344420770186,0.499553615631757,10.8997117822482,0.614167295068715
OC473_m17_n1,OC473,2011,8,25,D,17,1,17.01,31,50.081,-41.7227,237.374109,858.717,88,605.3,798.3,1000.4,4.53790960451977,34.9201694915254,1000,800,3151,4.58876815920398,34.9584179104478,0.0215970149253731,0.0215970149253731,251.243711442786,0.000000000001,2158.02113304496,2300.88580274143,11.9667218343829,7.72191987695183,0.81858172509684,16.8628261582629,1.08393911075182
OC473_m17_n2,OC473,2011,8,25,D,17,2,17.02,31,50.0769,-41.7228,237.382338,910.567,171,1056.4,600.5,797.1,5.19860416666667,34.9317743055556,800,600,3151,5.12865074626866,34.9702263681592,0.0235094527363184,0.0235094527363184,235.833422885572,0.000000000001,2163.10938156164,2302.26766886744,12.7124114342296,7.71377446548673,0.929816235620179,17.662537259693,0.817819409862571
OC473_m17_n3,OC473,2011,8,25,D,17,3,17.03,31,50.0712,-41.7238,237.395718,929.834,241,1207.7,401,599.5,6.85722402597402,34.9413149350649,600,400,3151,6.4975592039801,34.9494656716418,0.0259114427860696,0.0259114427860696,201.670412935323,0.000000000001,2168.85158023149,2301.3283130212,12.9480569693144,7.69587837765013,0.970952022942437,18.3099549236569,0.804035025599569
OC473_m17_n4,OC473,2011,8,25,D,17,4,17.04,31,50.0661,-41.7243,237.410023,950.433,334,1596.1,200.7,400.7,10.8199336734694,35.3615051020408,400,200,3151,10.8028577114428,35.3920124378109,0.0184562189054726,0.0184562189054726,210.022756218906,0.00192199402072138,2143.99972606818,2318.38757766883,8.64994090410152,7.79152488344655,0.667767789840519,13.699597679845,0.921121207221773
OC473_m17_n5,OC473,2011,8,25,D,17,5,17.05,31,50.0617,-41.7242,237.428241,1016.667,183,915.1,101.1,199.7,12.5091221719457,35.5542850678733,200,100,3151,12.4320633663366,35.5815603960396,0.0244148514851485,0.0244148514851485,216.98396039604,0.325148316831683,2128.30622529894,2336.0304448154,5.4237694247329,7.85539735197289,0.341893670140895,9.90911823243471,0.545861616814875
OC473_m17_n6,OC473,2011,8,25,D,17,6,17.06,31,50.0601,-41.7253,237.438507,1031.45,97,514.6,50.5,100.5,13.593935483871,35.6928548387097,100,50,3151,14.1377882352941,35.8375941176471,0.313007843137255,0.313007843137255,215.872568627451,4.15941176470588,2127.86976674744,2346.34746636847,4.63220343791606,7.88052136970335,0.296424126660115,8.57377363871715,0.169953349501482
OC473_m17_n7,OC473,2011,8,25,D,17,7,17.07,31,50.0604,-41.7278,237.444271,1039.75,71,389.5,26.2,51,14.8035212765957,35.6365957446808,50,25,3151,13.8636961538462,35.1173230769231,1.69220769230769,1.69220769230769,254.634538461538,22.7223076923077,2121.45538078616,2349.45837862751,4.02670663378719,7.89404159151934,0.268471138479826,7.08542688644701,0.136708658043654
OC473_m17_n8,OC473,2011,8,25,D,17,8,17.08,31,50.0634,-41.7307,237.448634,1046.033,88,522.8,0.6,26.3,16.0491846153846,34.2369923076923,25,0,3151,15.5043045454545,33.3411318181818,0.382618181818182,0.382618181818182,260.406,101.786363636364,2054.60812387429,2297.51905074663,2.31355455963192,7.93730628990755,0.119747797319478,2.07251496879641,0.482291279978442
OC473_m17_n9,OC473,2011,8,25,D,17,9,17.09,31,50.0704,-41.7311,237.454676,1054.733,7,47.3,0.7,1.9,16.6297777777778,32.7456666666667,0,0,3151,26.1694,36.2337,0.0617,0.0617,196.714,0.000000000001,1991.88882235613,2213.1235522473,1.59816974248506,7.93395899847124,0.0788507875191981,0,0.871821762328213
OC473_m18_n0,OC473,2011,8,26,N,18,0,18,32,49.1102,-44.2784,238.02,28.8,232,1760.6,3.8,1012,4.84211970074813,34.7098366583541,1000,0,2947,8.52690742971888,35.1864329317269,0.087798293172691,0.0900327983951858,220.981710843373,3.78394524203083,2137.03768349599,2286.55172965813,9.04092017243631,7.73637466792627,0.705794733036579,13.3740768852449,0.648879618027486
OC473_m18_n1,OC473,2011,8,26,N,18,1,18.01,32,49.0872,-44.294,238.057269,122.47,140,923.7,798.4,998.4,3.83237313432836,34.8687425373135,1000,800,2947,4.61035277328218,34.9484310096106,0.0209661606625507,0.0320497512437811,253.415346820116,0.0188255982200539,2154.81219379329,2301.35411849131,9.96411069861357,7.7172678166522,0.76018023957007,14.7764617956323,0.973015359741309
OC473_m18_n2,OC473,2011,8,26,N,18,2,18.02,32,49.083,-44.3011,238.069711,140.38,116,677.6,599.8,796.7,4.04346739130435,34.8819891304348,800,600,2947,5.42313283582089,34.9613059701493,0.0234467661691542,0.0234467661691542,227.737517412935,0.000000000001,2146.9754236164,2301.7288247114,9.82455234418092,7.72021489236679,0.770845174786334,15.1260940609323,1.28438027485853
OC473_m18_n3,OC473,2011,8,26,N,18,3,18.03,32,49.0802,-44.3083,238.078264,152.7,164,895.9,400.7,599.2,4.16676271186441,34.8771144067797,600,400,2947,7.86373432835821,35.0284875621891,0.0244761194029851,0.0244761194029851,190.309034825871,0.000000000001,2150.49501594243,2300.57420215628,10.2127193301413,7.72335630022775,0.782591499564305,15.2427953655742,1.06966821880895
OC473_m18_n4,OC473,2011,8,26,N,18,4,18.04,32,49.0788,-44.3185,238.089225,208.48,229,1193.9,202.5,399.4,4.52462745098039,34.8763006535948,400,200,2947,11.2863323383085,35.4483562189055,0.0169318407960199,0.0169318407960199,214.533273631841,0.00133612468743282,2153.69312802582,2297.61613567494,10.24407911334,7.71514384365911,0.807711174400882,15.4263406456799,0.944554660468876
OC473_m18_n5,OC473,2011,8,26,N,18,5,18.05,32,49.0781,-44.3329,238.103449,228.967,126,667.2,102.7,202.4,4.94129585798817,34.8223905325443,200,100,2947,12.403398019802,35.5582267326733,0.0302792079207921,0.0302792079207921,212.220841584158,0.254519801980198,2164.82786390574,2297.6897476881,10.7106700447992,7.70524013716736,0.887703023091873,16.6958598499313,0.608718409054163
OC473_m18_n6,OC473,2011,8,26,N,18,6,18.06,32,49.0787,-44.3407,238.111296,240.266,75,415.3,50,101.9,3.68560377358491,34.4633490566038,100,50,2947,13.6536137254902,35.7197666666667,0.261172549019608,0.261172549019608,215.276843137255,3.11329411764706,2144.32221800305,2276.20324535259,9.33721544358786,7.70956106403248,0.711471302572606,13.7828193456749,0.0901660900026947
OC473_m18_n7,OC473,2011,8,26,N,18,7,18.07,32,49.0795,-44.3453,238.116227,247.367,58,345.5,25.3,49.1,7.042,33.8677419354839,50,25,2947,14.8583230769231,35.7345076923077,1.78811538461538,1.78811538461538,238.033423076923,27.7011538461538,2078.95951179217,2255.68737430677,4.75349570395563,7.81549069438214,0.300394424026217,5.74401975490014,0.126978504446241
OC473_m18_n8,OC473,2011,8,26,N,18,8,18.08,32,49.0816,-44.3471,238.120544,253.583,36,249.3,-0.7,25,12.5347638888889,33.3270416666667,25,0,2947,17.1302409090909,34.9384363636364,0.478463636363636,0.478463636363636,235.557409090909,133.586363636364,2021.81484777404,2232.19519148292,1.83892490216486,7.89758567207077,0.0636191533748058,0,0.224280040420372
OC473_m18_n9,OC473,2011,8,26,N,18,9,18.09,32,49.0806,-44.345,238.123889,258.4,1,9.6,-0.1,0.9,12.6528571428571,33.1071428571429,0,0,2947,26.1694,36.2337,0.0617,0.0617,196.714,0.000000000001,2019.29363709881,2222.45217540291,1.68999138996644,7.89305141772172,0.0687418199730589,0,0.194603071948262
NH1208_m1_n0,NH1208,2012,8,11,N,1,0,1,Test_1,45.4318,-127.8646,224.712326,1705.749,714,4895.2,1.2,52.3,10.9730667311412,32.4957669245648,50,0,1016,12.6758,32.6843435897436,1.62174358974359,1.62174358974359,279.665846153846,369.95641025641,,,,,,,
NH1208_m1_n1,NH1208,2012,8,11,N,1,1,1.01,Test_1,45.4308,-127.8616,224.76081,1815.566,50,365,23.9,48.8,10.282725,32.5172125,50,25,1016,11.1314,32.7008346153846,1.79107692307692,1.79107692307692,290.663153846154,193.396153846154,,,,,,,
NH1208_m1_n2,NH1208,2012,8,11,N,1,2,1.02,Test_1,45.4327,-127.8625,224.764525,1820.916,62,417.3,-0.4,24.1,16.2931034482759,31.9745632183908,25,0,1016,15.7539071428571,32.6512428571429,1.29689285714286,1.29689285714286,257.703214285714,704.071428571429,,,,,,,
NH1208_m1_n3,NH1208,2012,8,11,N,1,3,1.03,Test_1,45.4347,-127.8636,224.768576,1826.749,2,13.4,-0.7,0.1,16.73775,22.6444166666667,0,0,1016,15.8335,32.6524,1.3909,1.3909,257.965,893,,,,,,,
NH1208_m2_n1,NH1208,2012,8,16,N,2,1,2.01,1,49.8658,-149.4268,229.035116,50.57,134,1003.9,0.5,712.3,4.29820310077519,33.6090682170543,700,0,102,4.17796800573888,33.7905461979914,0.324446915351506,0.324446915351506,96.6292984218077,1.7287087517934,2206.56923076923,2261.35384615385,46.1224615384615,7.4952,,,
NH1208_m2_n0,NH1208,2012,8,16,N,2,0,2,1,49.8635,-149.4317,229.03985,57.38,0,0,0.1,0.3,13.0466666666667,0.461,0,0,102,12.123,32.5225,2.1565,2.1565,279.935,12.3,2020.2,2202.6,8.256,7.8372,,,
NH1208_m3_n1,NH1208,2012,8,16,D,3,1,3.01,2,49.4958,-149.154,229.384271,913.35,390,2381.2,-4.8,1012.4,4.20846914893617,33.7926457446808,1000,0,203,3.93825075225677,33.9142264794383,0.237021364092277,0.237021364092277,85.4092066198595,150.05146439318,2224.396875,2287.1375,75.4005,7.485,,,
NH1208_m3_n2,NH1208,2012,8,16,D,3,2,3.02,2,49.4952,-149.1563,229.387477,917.967,4,28.4,-5.5,999.2,5.4421768707483,26.2900544217687,1000,0,203,2.98071641791045,34.3551567164179,0.157099004975124,0.157099004975124,23.217671641791,1.9636815920398,2224.396875,2287.1375,75.4005,7.485,,,
NH1208_m3_n0,NH1208,2012,8,16,D,3,0,3,2,49.492,-149.1628,229.393356,926.433,105,550,-5.3,800.7,3.56579735682819,33.3662863436123,800,0,203,3.35073084577114,34.2725353233831,0.165887562189055,0.165887562189055,25.9626965174129,1.88522388059702,2214.49,2281.06666666667,70.9328,7.49657333333333,,,
NH1208_m3_n3,NH1208,2012,8,16,D,3,3,3.03,2,49.4617,-149.2194,229.457917,1059.4,390,2127,396.3,592.8,3.67119180633147,34.0992383612663,600,400,203,3.66975074626866,34.1289482587065,0.167676616915423,0.167676616915423,32.3625671641791,1.8752736318408,2340.16666666667,2340.56666666667,111.112,7.2846,,,
NH1208_m3_n4,NH1208,2012,8,16,D,3,4,3.04,2,49.449,-149.2375,229.482859,1135.317,203,1090.6,194.9,396.6,3.73005109489051,33.8930583941606,400,200,203,3.77245970149253,33.8751144278607,0.159602487562189,0.159602487562189,76.9181542288557,1.83233830845771,2297.2,2303.675,91.332,7.310825,,,
NH1208_m3_n5,NH1208,2012,8,16,D,3,5,3.05,2,49.4429,-149.2469,229.49559,1153.65,160,918.7,96.7,194.5,3.94788793103448,33.4860862068965,200,100,203,4.29485049504951,33.1959900990099,0.180013861386139,0.180013861386139,239.511841584158,7.05970297029702,2168.5,2252.45,51.342,7.566275,,,
NH1208_m3_n6,NH1208,2012,8,16,D,3,6,3.06,2,49.4375,-149.2549,229.506377,1209.183,63,325.9,46.4,96.2,5.01485,32.706975,100,50,203,5.64372941176471,32.7225254901961,0.858419607843138,0.858419607843138,312.244921568627,116.788235294118,2077.6,2214.76666666667,27.176,7.73453333333333,,,
NH1208_m3_n7,NH1208,2012,8,16,D,3,7,3.07,2,49.4356,-149.2577,229.510093,1214.534,35,167.4,23.9,46,6.887,32.614380952381,50,25,203,8.09391923076923,32.6134692307692,1.25719615384615,1.25719615384615,313.775576923077,1103,2053.3,2213,24.768,7.7756,,,
NH1208_m3_n8,NH1208,2012,8,16,D,3,8,3.08,2,49.4345,-149.2591,229.512037,1217.333,98,523.3,-6.5,23.1,10.483969924812,32.4877593984962,25,0,203,11.8841181818182,32.46445,0.660490909090909,0.660490909090909,280.317727272727,5261.81818181818,2034.95,2207.8,19.092,7.8088,,,
NH1208_m3_n9,NH1208,2012,8,16,D,3,9,3.09,2,49.4313,-149.263,229.518218,1226.234,11,64.2,-6.6,-4.8,12.4863333333333,32.4144444444444,0,0,203,26.1694,36.2337,0.0617,0.0617,196.714,0.000000000001,2025.3,2204.5,14.448,7.825,,,
NH1208_m4_n0,NH1208,2012,8,31,D,4,0,4,3,48.9956,-148.2275,244.460868,1103.65,178,1223.4,0.9,419.9,5.72299220779221,33.262987012987,420,0,305,4.80160959232614,33.4238172661871,0.358429976019185,0.358429976019185,170.143261390888,132.182230215827,2153.865,2244.5,46.956,7.595005,,,
NH1208_m5_n0,NH1208,2012,8,31,D,5,0,5,3,48.9468,-148.3307,244.651273,1537.833,167,1040.7,1,1007.8,4.65024305555556,33.7651400462964,1000,0,306,3.98924894684052,33.8915873620863,0.245968104312939,0.245968104312939,92.806960882648,22.2942527582748,2222.73,2222.73,2222.73,2222.73,,,
NH1208_m5_n1,NH1208,2012,8,31,D,5,1,5.01,3,48.9308,-148.3662,244.691609,1635.917,127,724.3,801.8,999.2,3.06124598930481,34.3222780748663,1000,800,306,3.06070696517413,34.3439422885572,0.158110447761194,0.158110447761194,25.1711144278607,1.84383084577114,2369.6,2369.6,2369.6,2369.6,,,
NH1208_m5_n2,NH1208,2012,8,31,D,5,2,5.02,3,48.9284,-148.3756,244.700301,1648.433,194,1108.8,599.5,801.8,3.38465168539326,34.2474644194757,800,600,306,3.4504855721393,34.2510024875622,0.157196019900497,0.157196019900497,28.8468308457711,1.8055223880597,2362.23333333333,2362.23333333333,2362.23333333333,2362.23333333333,,,
NH1208_m5_n3,NH1208,2012,8,31,D,5,3,5.03,3,48.9319,-148.3884,244.712708,1706.3,214,1155,400.5,597.8,3.74059107806691,34.0794349442379,600,400,306,3.75796268656716,34.0962592039801,0.155639303482587,0.155639303482587,42.5002587064677,1.74616915422886,2339.56666666667,2339.56666666667,2339.56666666667,2339.56666666667,,,
NH1208_m5_n4,NH1208,2012,8,31,D,5,4,5.04,3,48.9357,-148.4019,244.725208,1724.3,250,1382.7,201.1,399.4,3.82602201257861,33.8531729559748,400,200,306,3.85865174129353,33.8523129353234,0.150555721393035,0.150555721393035,94.6078109452736,1.58935323383085,2280.3625,2280.3625,2280.3625,2280.3625,,,
NH1208_m5_n5,NH1208,2012,8,31,D,5,5,5.05,3,48.9401,-148.4167,244.739977,1745.567,88,530,98.5,199.3,4.164640625,33.2600234375,200,100,306,4.23221287128713,33.1456653465347,0.178350495049505,0.178350495049505,252.407722772277,2.11990099009901,2136.3375,2136.3375,2136.3375,2136.3375,,,
NH1208_m5_n6,NH1208,2012,8,31,D,5,6,5.06,3,48.9416,-148.4212,244.745926,1754.133,50,304.3,52.3,97.7,5.33006944444444,32.7149166666667,100,50,306,5.23247647058824,32.7149254901961,0.661639215686275,0.661639215686275,310.10462745098,17.7603921568628,2069.4,2069.4,2069.4,2069.4,,,
NH1208_m5_n7,NH1208,2012,8,31,D,5,7,5.07,3,48.9424,-148.4242,244.749271,1758.95,39,227.8,26.6,51.9,7.85507547169812,32.5802075471698,50,25,306,7.62678846153846,32.6439346153846,1.55282307692308,1.55282307692308,309.776307692308,147.919230769231,2040.7,2040.7,2040.7,2040.7,,,
NH1208_m5_n8,NH1208,2012,8,31,D,5,8,5.08,3,48.9433,-148.4263,244.751736,1802.5,43,267.9,-1.5,26.4,12.6811384615385,32.4160153846154,25,0,306,12.7511818181818,32.4517363636364,1.45695454545455,1.45695454545455,269.658045454545,738.454545454546,2021.15,2021.15,2021.15,2021.15,,,
NH1208_m5_n9,NH1208,2012,8,31,D,5,9,5.09,3,48.944,-148.4285,244.754757,1806.85,3,18.6,-1.2,-0.5,13.2288333333333,32.397,0,0,306,26.1694,36.2337,0.0617,0.0617,196.714,0.000000000001,2020,2020,2020,2020,,,
NH1208_m6_n0,NH1208,2012,9,1,N,6,0,6,3,48.9128,-148.6815,245.03044,43.83,607,3837.7,0.4,1007.5,4.44625737265415,33.7293306523681,1000,0,307,4.0073667001003,33.8883210631896,0.316934403209629,0.316934403209629,92.4082447342027,1.7362186559679,2222.73,2282.59333333333,74.3728,7.49842333333333,,,
NH1208_m6_n1,NH1208,2012,9,1,N,6,1,6.01,3,48.9242,-148.7473,245.082512,158.82,50,272.7,952.4,995.6,2.9392,34.3483857142857,1000,950,307,2.92362941176471,34.3727705882353,0.143762745098039,0.143762745098039,24.1030196078431,1.88686274509804,2372.4,2384.9,149.64,7.3123,,,
NH1208_m6_n2,NH1208,2012,9,1,N,6,2,6.02,3,48.925,-148.7511,245.085764,203.5,154,733.9,801.8,952,3.08667525773196,34.3161597938144,950,800,307,3.09562516556291,34.3360086092715,0.155440397350993,0.155440397350993,24.2271125827814,1.82198675496689,2369.6,2376.65,142.416,7.31175,,,
NH1208_m6_n3,NH1208,2012,9,1,N,6,3,6.03,3,48.9273,-148.7617,245.09478,216.48,238,1105,602.4,801.1,3.47408602150538,34.2207634408602,800,600,307,3.4565512437811,34.2479199004975,0.151502985074627,0.151502985074627,27.780144278607,1.74572139303483,2362.23333333333,2358.1,128.312,7.307,,,
NH1208_m6_n4,NH1208,2012,9,1,N,6,4,6.04,3,48.9308,-148.779,245.107743,235.15,269,1264.7,373.3,601.9,3.76349685534591,34.0792358490566,600,375,307,3.78400840707965,34.0887915929203,0.164780973451327,0.164780973451327,44.2746548672566,1.75384955752212,2339.56666666667,2332.33333333333,109.736,7.30253333333333,,,
NH1208_m6_n5,NH1208,2012,9,1,N,6,5,6.05,3,48.9341,-148.7973,245.122523,256.433,4,13.7,369.9,372.8,3.7905,33.93525,375,375,307,3.8088,33.9571,0.1566,0.1566,59.444,1.82,2321.4,2317.5,97.008,7.3117,,,
NH1208_m6_n6,NH1208,2012,9,1,N,6,6,6.06,3,48.9341,-148.7976,245.122708,256.7,247,1214.3,177,368.2,3.79033546325879,33.8011309904154,375,175,307,3.8780368159204,33.8034547263682,0.15115223880597,0.15115223880597,107.367860696517,1.65482587064677,2280.3625,2295.725,79.464,7.3662875,,,
NH1208_m6_n7,NH1208,2012,9,1,N,6,7,6.07,3,48.9371,-148.8142,245.137245,317.633,41,214.2,155.4,176.4,4.00164150943396,33.465358490566,175,155,307,4.06434761904762,33.4145571428572,0.125471428571429,0.125471428571429,222.542904761905,1.50285714285714,2191.775,2258.95,51.084,7.522825,,,
NH1208_m6_n8,NH1208,2012,9,1,N,6,8,6.08,3,48.9377,-148.8173,245.139711,321.184,104,590,89.7,157.9,4.18394594594594,32.8853243243244,155,90,307,4.52906363636364,32.7855924242424,0.226068181818182,0.226068181818182,301.849909090909,1.37409090909091,2105.26666666667,2223,31.648,7.68033333333333,,,
NH1208_m6_n9,NH1208,2012,9,1,N,6,9,6.09,3,48.9389,-148.8241,245.146586,331.084,90,560.3,48.2,89.8,5.26769655172413,32.6671034482759,90,50,307,5.58194634146342,32.6846609756098,0.903656097560975,0.903656097560975,311.795024390244,1.28365853658537,2069.4,2209.8,24.768,7.74565,,,
NH1208_m6_n10,NH1208,2012,9,1,N,6,10,6.1,3,48.94,-148.8308,245.153322,340.784,48,301.9,24.3,49.3,7.34433333333333,32.5893333333333,50,25,307,7.84935,32.6318,3.85880769230769,3.85880769230769,316.682730769231,1.28,2040.7,2200.25,20.124,7.8007,,,
NH1208_m6_n11,NH1208,2012,9,1,N,6,11,6.11,3,48.9405,-148.834,245.156944,345.999,70,420.8,1.6,24.7,12.65563,32.4077,25,0,307,12.4880636363636,32.4544227272727,1.76433636363636,1.76433636363636,272.754772727273,3.89681818181818,2021.15,2193.2,16.512,7.84075,,,
NH1208_m6_n12,NH1208,2012,9,1,N,6,12,6.12,3,48.9411,-148.8384,245.161597,352.7,13,64.3,-1.5,1,12.9466428571429,30.2765357142857,0,0,307,12.9616,32.4257,1.6399,1.6399,266.94,15,2020,2192.6,16.512,7.8425,,,
NH1208_m7_n0,NH1208,2012,9,2,D,7,0,7,7,46.9989,-144.7368,246.375428,900.616,308,2373.2,4,1012.6,5.07180276816609,33.7750069204152,1000,0,711,4.60843851554664,33.893518555667,0.228853360080241,0.228853360080241,96.8619859578735,53.3293079237713,2191.1,2282.17333333333,71.1392,7.52009333333333,,,
NH1208_m7_n1,NH1208,2012,9,2,D,7,1,7.01,7,46.9974,-144.776,246.415718,958.634,197,1195.6,796.8,1001.5,3.17209677419355,34.2993870967742,1000,800,711,3.18031890547264,34.3197253731343,0.168851741293532,0.168851741293532,21.0387263681592,1.86064676616915,2351.9,2371.9,141.384,7.3071,,,
NH1208_m7_n2,NH1208,2012,9,2,D,7,2,7.02,7,46.9969,-144.7901,246.430116,1019.367,178,1046.9,600.9,795.7,3.60688212927757,34.2096349809886,800,600,711,3.64785572139303,34.2192741293532,0.153674129353234,0.153674129353234,29.5470447761194,1.81074626865672,2329.93333333333,2353.7,126.592,7.3085,,,
NH1208_m7_n3,NH1208,2012,9,2,D,7,3,7.03,7,46.9968,-144.8026,246.442338,1036.967,196,1095.3,400.7,599.9,4.08731086142322,34.0557827715356,600,400,711,4.07605323383085,34.0643492537313,0.150090049751244,0.150090049751244,52.9224029850747,1.77278606965174,2298.13333333333,2327.03333333333,104.576,7.3222,,,
NH1208_m7_n4,NH1208,2012,9,2,D,7,4,7.04,7,46.9969,-144.8165,246.454745,1054.833,243,1332.6,201.5,400.1,4.66253312302839,33.847665615142,400,200,711,4.72865721393035,33.8575766169154,0.150018905472637,0.150018905472637,113.988004975124,1.70034825870647,2233.3,2291.75,71.982,7.409825,,,
NH1208_m7_n5,NH1208,2012,9,2,D,7,5,7.05,7,46.9971,-144.8336,246.469479,1116.05,143,772.4,101.4,200.8,5.75480110497238,33.4214198895028,200,100,711,5.85249207920792,33.2754415841584,0.180725742574257,0.180725742574257,248.521198019802,6.57940594059406,2113.125,2240.45,35.346,7.646925,,,
NH1208_m7_n6,NH1208,2012,9,2,D,7,6,7.06,7,46.9974,-144.8434,246.477882,1128.15,74,411.4,51.7,101.1,6.08678723404255,32.7600531914894,100,50,711,6.50849803921569,32.7777039215686,0.783139215686274,0.783139215686274,302.247156862745,104.639215686275,2040.75,2210.25,23.22,7.76075,,,
NH1208_m7_n7,NH1208,2012,9,2,D,7,7,7.07,7,46.9975,-144.8484,246.482257,1134.45,44,260.1,26.8,51.2,8.39118032786885,32.6718032786885,50,25,711,10.2342615384615,32.6630538461538,1.33950384615385,1.33950384615385,295.505884615385,691.038461538462,2007.9,2204.55,20.124,7.8272,,,
NH1208_m7_n8,NH1208,2012,9,2,D,7,8,7.08,7,46.9975,-144.8515,246.485093,1138.534,46,273.1,-1.4,26.2,13.6665970149254,32.5100597014925,25,0,711,14.0248727272727,32.5323727272727,0.615440909090909,0.615440909090909,265.061590909091,1326.36363636364,1996.6,2200.7,18.576,7.8678,,,
NH1208_m7_n9,NH1208,2012,9,2,D,7,9,7.09,7,46.9975,-144.8549,246.488194,1142.999,0,0,-1.5,-1.4,13.84625,19.313,0,0,711,26.1694,36.2337,0.0617,0.0617,196.714,0.000000000001,2005.6,2200.8,18.576,7.8679,,,
NH1208_m8_n0,NH1208,2012,9,2,N,8,0,8,7,47.0215,-144.6109,246.859826,2038.149,327,2455.3,1.1,1019.3,5.18478489702517,33.7356109839817,1000,0,713,4.69838054162488,33.9017798395185,0.269980040120361,0.269980040120361,99.2118214643932,1.84204613841524,2191.1,2282.17333333333,71.1392,7.52009333333333,,,
NH1208_m8_n1,NH1208,2012,9,2,N,8,1,8.01,7,47.0322,-144.6463,246.90044,2136.634,165,1136.8,785,999.2,3.13844660194175,34.3072815533981,1000,800,713,3.16885572139304,34.3218517412935,0.163716417910448,0.163716417910448,21.5169850746269,1.87134328358209,2351.9,2371.9,141.384,7.3071,,,
NH1208_m8_n2,NH1208,2012,9,2,N,8,2,8.02,7,47.0353,-144.6581,246.914792,2157.3,167,1075.8,600.9,785.3,3.59414285714286,34.2091868131868,800,600,713,3.64141940298507,34.2219771144279,0.157001990049751,0.157001990049751,29.0442786069652,1.79646766169154,2329.93333333333,2353.7,126.592,7.3085,,,
NH1208_m8_n3,NH1208,2012,9,2,N,8,3,8.03,7,47.0378,-144.6681,246.927477,2215.567,75,501.4,494.6,600.3,3.9656976744186,34.1211317829457,600,500,713,4.07464455445545,34.114306930693,0.157654455445545,0.157654455445545,45.1418811881188,1.79,2298.13333333333,2327.03333333333,104.576,7.3222,,,
NH1208_m8_n4,NH1208,2012,9,2,N,8,4,8.04,7,47.038,-144.6727,246.933472,2224.2,136,943.9,300.6,493.8,4.34743697478992,33.9399117647059,500,300,713,4.34042388059702,33.9567412935323,0.159046766169154,0.159046766169154,81.0378756218905,1.74268656716418,2233.3,2291.75,71.982,7.409825,,,
NH1208_m8_n5,NH1208,2012,9,2,N,8,5,8.05,7,47.0353,-144.6807,246.944525,2240.116,191,1298.5,100.2,299.6,5.44342990654206,33.6316947040498,300,100,713,5.6210407960199,33.5751402985075,0.150600497512438,0.150600497512438,200.079308457711,1.52870646766169,2113.125,2240.45,35.346,7.646925,,,
NH1208_m8_n6,NH1208,2012,9,2,N,8,6,8.06,7,47.0293,-144.6905,246.959444,2301.599,90,610,51.1,98.7,6.73781632653061,32.7453741496599,100,50,713,6.93792156862745,32.7984294117647,0.923054901960784,0.923054901960784,301.04468627451,1.28294117647059,2040.75,2210.25,23.22,7.76075,,,
NH1208_m8_n7,NH1208,2012,9,2,N,8,7,8.07,7,47.0265,-144.6953,246.966273,2311.433,42,302.1,24.5,51.3,9.7718904109589,32.6287808219178,50,25,713,10.74595,32.65625,1.88169615384615,1.88169615384615,292.934615384615,1.29730769230769,2007.9,2204.55,20.124,7.8272,,,
NH1208_m8_n8,NH1208,2012,9,2,N,8,8,8.08,7,47.0251,-144.6976,246.969664,2316.316,80,469.3,-0.3,24.2,14.2280990990991,32.5286396396397,25,0,713,14.2283954545455,32.5433318181818,1.59637727272727,1.59637727272727,264.428545454545,7.86227272727273,1996.6,2200.7,18.576,7.8678,,,
NH1208_m8_n9,NH1208,2012,9,2,N,8,9,8.09,7,47.023,-144.7012,246.974826,2323.749,6,36.9,-0.9,0.9,14.2418148148148,30.6239629629629,0,0,713,14.2481,32.5398,1.6047,1.6047,263.248,38.1,2005.6,2200.8,18.576,7.8679,,,
NH1208_m9_n0,NH1208,2012,9,3,N,9,0,9,11,45.0476,-141.4488,247.985775,2339.516,612,4203.8,1.1,1014.3,5.9749550660793,33.7798977973568,1000,0,1117,5.55677652958877,33.6942312938816,0.220129388164494,0.220129388164494,108.820744232698,1.66251755265797,2165.29375,2268.10625,36.12,7.598690625,,,
NH1208_m9_n1,NH1208,2012,9,3,N,9,1,9.01,11,45.0182,-141.399,248.038727,55.77,271,1361.7,798.6,999.2,3.35982208588957,34.2634079754602,1000,800,1117,3.31299552238806,34.2942915422886,0.152958208955224,0.152958208955224,17.4498905472637,1.85930348258707,2353.1,2367.2,87.72,7.29765,,,
NH1208_m9_n2,NH1208,2012,9,3,N,9,2,9.02,11,45.0092,-141.386,248.053877,117.58,235,1127.3,598.8,798.5,3.90264750957855,34.1396743295019,800,600,1117,3.89436268656716,34.1642457711443,0.147688059701493,0.147688059701493,31.8574676616916,1.77497512437811,2325.13333333333,2342.76666666667,74.304,7.30773333333333,,,
NH1208_m9_n3,NH1208,2012,9,3,N,9,3,9.03,11,45.0019,-141.3746,248.066007,135.05,244,1158.4,398.7,598.5,4.63288014981273,33.9979026217229,600,400,1117,4.69902985074627,34.0069940298507,0.15696815920398,0.15696815920398,74.649960199005,1.66935323383085,2282.3,2308.53333333333,65.36,7.376,,,
NH1208_m9_n4,NH1208,2012,9,3,N,9,4,9.04,11,44.9945,-141.3624,248.078414,152.92,266,1287.8,199.9,397.6,6.70477364864865,33.910418918919,400,200,1117,6.58414626865671,33.9280333333333,0.135761691542289,0.135761691542289,157.645786069652,1.45786069651741,2192.275,2271.375,31.992,7.5748,,,
NH1208_m9_n5,NH1208,2012,9,3,N,9,5,9.05,11,44.9855,-141.3492,248.092164,212.72,125,624.9,99.6,199.8,7.66439007092199,33.313390070922,200,100,1117,7.67638217821782,33.3541267326733,0.165783168316832,0.165783168316832,256.98703960396,1.32712871287129,2085.5,2229.55,15.48,7.735475,,,
NH1208_m9_n6,NH1208,2012,9,3,N,9,6,9.06,11,44.9811,-141.343,248.098715,222.15,82,415.7,50.8,99,8.47828260869565,32.82475,100,50,1117,8.60338235294118,32.8369431372549,0.628874509803922,0.628874509803922,283.34131372549,1.28,2041.46666666667,2208.43333333333,5.16,7.79665,,,
NH1208_m9_n7,NH1208,2012,9,3,N,9,7,9.07,11,44.9779,-141.3389,248.102986,228.3,61,321.2,25.3,50.5,10.9671388888889,32.6930416666667,50,25,1117,11.5313884615385,32.7301692307692,1.2639,1.2639,289.894653846154,1.28,2000.55,2206.15,2.064,7.872575,,,
NH1208_m9_n8,NH1208,2012,9,3,N,9,8,9.08,11,44.9754,-141.3357,248.106331,233.117,58,316.8,-1.2,25.1,16.1890985915493,32.660985915493,25,0,1117,16.5074318181818,23.5483454545454,0.987622727272727,0.987622727272727,235.369681818182,3.47136363636364,1984.35,2207.05,1.032,7.9127,,,
NH1208_m9_n9,NH1208,2012,9,3,N,9,9,9.09,11,44.9727,-141.3325,248.10963,237.867,3,23.3,-1.5,-0.9,16.53775,23.61225,0,0,1117,26.1694,36.2337,0.0617,0.0617,196.714,0.000000000001,1987.1,2208.3,1.032,7.9144,,,
NH1208_m10_n0,NH1208,2012,9,4,D,10,0,10,11,44.9646,-141.3447,248.384826,914.149,391,2990.2,6.5,1011.7,6.08952422907487,33.7623193832599,1000,0,1117,5.55677652958877,33.6942312938816,0.220129388164494,0.220129388164494,108.820744232698,1.66251755265797,2165.29375,2268.10625,36.12,7.598690625,,,
NH1208_m10_n1,NH1208,2012,9,4,D,10,1,10.01,11,44.9442,-141.3134,248.427014,1014.9,191,1112.2,801.3,999.6,3.39363440860215,34.2552365591398,1000,800,1117,3.31299552238806,34.2942915422886,0.152958208955224,0.152958208955224,17.4498905472637,1.85930348258707,2353.1,2367.2,87.72,7.29765,,,
NH1208_m10_n2,NH1208,2012,9,4,D,10,2,10.02,11,44.9387,-141.3028,248.439977,1033.567,212,1195,601.1,800.8,3.90395053003534,34.1399858657244,800,600,1117,3.89436268656716,34.1642457711443,0.147688059701493,0.147688059701493,31.8574676616916,1.77497512437811,2325.13333333333,2342.76666666667,74.304,7.30773333333333,,,
NH1208_m10_n3,NH1208,2012,9,4,D,10,3,10.03,11,44.9322,-141.2916,248.453125,1052.5,244,1339.6,401.5,600.4,4.6662898089172,33.9955700636943,600,400,1117,4.69902985074627,34.0069940298507,0.15696815920398,0.15696815920398,74.649960199005,1.66935323383085,2282.3,2308.53333333333,65.36,7.376,,,
NH1208_m10_n4,NH1208,2012,9,4,D,10,4,10.04,11,44.9253,-141.279,248.467708,1113.5,228,1230.9,201.8,400.7,6.63020848056537,33.8968339222615,400,200,1117,6.58414626865671,33.9280333333333,0.135761691542289,0.135761691542289,157.645786069652,1.45786069651741,2192.275,2271.375,31.992,7.5748,,,
NH1208_m10_n5,NH1208,2012,9,4,D,10,5,10.05,11,44.9181,-141.2676,248.480856,1132.433,118,665.2,100.7,201.7,7.63203921568627,33.3107385620915,200,100,1117,7.67638217821782,33.3541267326733,0.165783168316832,0.165783168316832,256.98703960396,1.32712871287129,2085.5,2229.55,15.48,7.735475,,,
NH1208_m10_n6,NH1208,2012,9,4,D,10,6,10.06,11,44.9144,-141.2614,248.487975,1142.684,80,475.7,52.1,100.1,8.37931481481481,32.8268981481481,100,50,1117,8.60338235294118,32.8369431372549,0.628874509803922,0.628874509803922,283.34131372549,1.28,2041.46666666667,2208.43333333333,5.16,7.79665,,,
NH1208_m10_n7,NH1208,2012,9,4,D,10,7,10.07,11,44.9114,-141.2566,248.492986,1149.9,46,272.2,26.1,51.5,10.4028571428571,32.714746031746,50,25,1117,11.5313884615385,32.7301692307692,1.2639,1.2639,289.894653846154,1.28,2000.55,2206.15,2.064,7.872575,,,
NH1208_m10_n8,NH1208,2012,9,4,D,10,8,10.08,11,44.9097,-141.254,248.495914,1154.116,48,285.3,-1.4,25.7,16.0826615384615,32.6583538461538,25,0,1117,16.5074318181818,23.5483454545454,0.987622727272727,0.987622727272727,235.369681818182,3.47136363636364,1984.35,2207.05,1.032,7.9127,,,
NH1208_m10_n9,NH1208,2012,9,4,D,10,9,10.09,11,44.9079,-141.2513,248.498935,1158.466,0,0,-1.6,0.2,16.9276976744186,1.74479069767442,0,0,1117,26.1694,36.2337,0.0617,0.0617,196.714,0.000000000001,1987.1,2208.3,1.032,7.9144,,,
NH1208_m11_n0,NH1208,2012,9,5,D,11,0,11,15,43.0036,-138.1338,249.539815,1257.334,472,3333.4,3.6,1011.3,6.62548502994013,33.8034431137724,1000,0,1524,5.87140511534603,33.9256538615847,0.252314744232698,0.252314744232698,106.688743229689,14.3913039117352,2145.01428571429,2262.33571428571,40.3217142857143,7.63937142857143,,,
NH1208_m11_n1,NH1208,2012,9,5,D,11,1,11.01,15,43.0398,-138.1268,249.586366,1404.367,201,1116.7,801.2,1000.4,3.45384697508897,34.2710711743772,1000,800,1524,3.42593184079602,34.303331840796,0.153519900497512,0.153519900497512,12.0531542288557,1.70696517412935,2367.5,2361.9,119.196,7.29745,,,
NH1208_m11_n2,NH1208,2012,9,5,D,11,2,11.02,15,43.0513,-138.123,249.599421,1423.166,315,1645.5,601.5,800.5,3.90344670050761,34.1432512690355,800,600,1524,3.90679054726368,34.1650124378109,0.149694029850746,0.149694029850746,29.4411293532338,1.63293532338308,2336.65,2338,111.456,7.3076,,,
NH1208_m11_n3,NH1208,2012,9,5,D,11,3,11.03,15,43.0652,-138.1173,249.617731,1449.533,214,1126.7,400.8,601.1,4.81289667896679,33.9820479704797,600,400,1524,4.81902537313433,34.0020149253731,0.14268855721393,0.14268855721393,76.3263532338309,1.48024875621891,2274.6,2301.2,81.184,7.3831,,,
NH1208_m11_n4,NH1208,2012,9,5,D,11,4,11.04,15,43.0746,-138.1135,249.630324,1507.667,241,1308.4,201.4,400.4,7.01076375404531,33.925006472492,400,200,1524,6.90344676616915,33.9443208955224,0.127720895522388,0.127720895522388,161.788064676617,1.31855721393035,2180.83333333333,2270.2,38.872,7.5821,,,
NH1208_m11_n5,NH1208,2012,9,5,D,11,5,11.05,15,43.0849,-138.1087,249.644676,1528.333,126,698.8,102.6,200.7,8.49743209876544,33.4468518518519,200,100,1524,8.43637623762376,33.5222633663367,0.124920792079208,0.124920792079208,243.82804950495,1.41089108910891,2077.375,2230.875,10.062,7.75105,,,
NH1208_m11_n6,NH1208,2012,9,5,D,11,6,11.06,15,43.0903,-138.1064,249.652199,1539.167,81,459.9,52.2,102.2,9.53054716981132,32.9129245283019,100,50,1524,9.69380980392157,32.9256764705882,0.682405882352941,0.682405882352941,272.337352941176,6.96470588235294,2021.73333333333,2210.6,1.72,7.8374,,,
NH1208_m11_n7,NH1208,2012,9,5,D,11,7,11.07,15,43.0937,-138.1047,249.65713,1546.267,82,484.1,25.8,51.8,12.4443963963964,32.7508108108108,50,25,1524,13.4294807692308,32.7976038461538,2.62902692307692,2.62902692307692,285.361192307692,81.9769230769231,1985.1,2212.7,0,7.9226,,,
NH1208_m11_n8,NH1208,2012,9,5,D,11,8,11.08,15,43.0975,-138.1031,249.662292,1553.7,89,533.9,0.3,25.7,17.535264,32.766112,25,0,1524,17.5983909090909,32.8019409090909,1.10918181818182,1.10918181818182,246.640090909091,486.818181818182,1978,2214.75,0,7.94915,,,
NH1208_m11_n9,NH1208,2012,9,5,D,11,9,11.09,15,43.102,-138.101,249.66809,1602.05,3,18.9,0,1.4,17.6088571428571,32.7515714285714,0,0,1524,26.1694,36.2337,0.0617,0.0617,196.714,0.000000000001,1979.75,2214.05,25.8,7.951,,,
NH1208_m12_n0,NH1208,2012,9,5,N,12,0,12,15,43.0952,-138.1589,249.92728,2215.283,460,3611.4,1.3,1014.1,6.46866455026455,33.8116814814815,1000,0,1524,5.87140511534603,33.9256538615847,0.252314744232698,0.252314744232698,106.688743229689,14.3913039117352,2145.01428571429,2262.33571428571,40.3217142857143,7.63937142857143,,,
NH1208_m12_n1,NH1208,2012,9,5,N,12,1,12.01,15,43.1283,-138.1672,249.97147,2318.917,194,1063.1,799.3,998.2,3.44025367647059,34.2810845588235,1000,800,1524,3.42593184079602,34.303331840796,0.153519900497512,0.153519900497512,12.0531542288557,1.70696517412935,2367.5,2361.9,119.196,7.29745,,,
NH1208_m12_n2,NH1208,2012,9,5,N,12,2,12.02,15,43.1383,-138.164,249.984109,2337.117,152,795.5,699.8,798,3.8044797979798,34.1678080808081,800,600,1524,3.90679054726368,34.1650124378109,0.149694029850746,0.149694029850746,29.4411293532338,1.63293532338308,2336.65,2338,111.456,7.3076,,,
NH1208_m12_n3,NH1208,2012,9,5,N,12,3,12.03,15,43.1448,-138.1641,249.99331,2350.366,307,1644.7,399.4,699.5,4.63983292383293,34.0055135135135,600,400,1524,4.81902537313433,34.0020149253731,0.14268855721393,0.14268855721393,76.3263532338309,1.48024875621891,2274.6,2301.2,81.184,7.3831,,,
NH1208_m12_n4,NH1208,2012,9,5,N,12,4,12.04,15,43.1585,-138.1631,250.012315,17.73,166,944,184.4,398.1,7.03115811965812,33.9066965811966,400,200,1524,6.90344676616915,33.9443208955224,0.127720895522388,0.127720895522388,161.788064676617,1.31855721393035,2180.83333333333,2270.2,38.872,7.5821,,,
NH1208_m12_n5,NH1208,2012,9,5,N,12,5,12.05,15,43.1666,-138.1621,250.023183,33.38,129,744.6,101.1,183.9,8.58730386740332,33.3047127071823,200,100,1524,8.43637623762376,33.5222633663367,0.124920792079208,0.124920792079208,243.82804950495,1.41089108910891,2077.375,2230.875,10.062,7.75105,,,
NH1208_m12_n6,NH1208,2012,9,5,N,12,6,12.06,15,43.1733,-138.1614,250.031597,45.5,87,536.2,51.4,101.3,9.22380769230769,32.8641846153846,100,50,1524,9.69380980392157,32.9256764705882,0.682405882352941,0.682405882352941,272.337352941176,6.96470588235294,2021.73333333333,2210.6,1.72,7.8374,,,
NH1208_m12_n7,NH1208,2012,9,5,N,12,7,12.07,15,43.1778,-138.1612,250.037639,54.2,65,428.2,25.5,51.9,12.6225922330097,32.7459611650485,50,25,1524,13.4294807692308,32.7976038461538,2.62902692307692,2.62902692307692,285.361192307692,81.9769230769231,1985.1,2212.7,0,7.9226,,,
NH1208_m12_n8,NH1208,2012,9,5,N,12,8,12.08,15,43.1815,-138.1611,250.042419,101.08,80,466.5,-0.6,25.2,17.4520185185185,32.7866018518519,25,0,1524,17.5983909090909,32.8019409090909,1.10918181818182,1.10918181818182,246.640090909091,486.818181818182,1978,2214.75,0,7.94915,,,
NH1208_m12_n9,NH1208,2012,9,5,N,12,9,12.09,15,43.1852,-138.161,250.047442,108.32,1,5.5,-0.7,0,17.568,25.064,0,0,1524,26.1694,36.2337,0.0617,0.0617,196.714,0.000000000001,1979.75,2214.05,25.8,7.951,,,
NH1208_m13_n0,NH1208,2012,9,7,N,13,0,13,18,41.533,-135.7863,251.059352,125.47,438,2884.5,1.3,1024.4,7.70952935118435,33.7809546858908,1000,0,1828,6.29845486459377,33.9251693079237,0.186445336008024,0.186445336008024,92.4101013039118,1.74473420260781,2159.76875,2268.5625,36.0555,7.60689375,,,
NH1208_m13_n1,NH1208,2012,9,7,N,13,1,13.01,18,41.5639,-135.7893,251.104468,230.434,153,929.5,801,992.7,3.5078171641791,34.2925074626866,1000,800,1828,3.52229154228856,34.3023089552239,0.166029353233831,0.166029353233831,10.3500845771144,1.84716417910448,2367.65,2367.3,107.328,7.29475,,,
NH1208_m13_n2,NH1208,2012,9,7,N,13,2,13.02,18,41.5727,-135.7898,251.116921,248.366,150,823.1,601,800,4.06416742081448,34.1532533936652,800,600,1828,4.06266417910448,34.1714054726368,0.152924378109453,0.152924378109453,23.1775820895522,1.82084577114428,2334.53333333333,2341.6,100.104,7.3069,,,
NH1208_m13_n3,NH1208,2012,9,7,N,13,3,13.03,18,41.5805,-135.7895,251.127188,303.151,221,1151.5,399.1,600.6,5.16897000000001,34.02614,600,400,1828,5.05594676616915,34.0238507462687,0.152586567164179,0.152586567164179,62.6418258706468,1.72900497512438,2280.43333333333,2306.3,50.912,7.3792,,,
NH1208_m13_n4,NH1208,2012,9,7,N,13,4,13.04,18,41.5905,-135.7872,251.141123,323.217,187,957.5,199.4,397.5,7.06006147540983,33.9079508196721,400,200,1828,7.09590298507463,33.9299004975125,0.134171641791045,0.134171641791045,130.924631840796,1.44910447761194,2188.225,2271.35,28.122,7.547425,,,
NH1208_m13_n5,NH1208,2012,9,7,N,13,5,13.05,18,41.599,-135.7861,251.152465,339.55,146,743.7,99.8,198.3,9.62108108108108,33.2651405405405,200,100,1828,9.16906732673268,33.3822772277228,0.178018811881188,0.178018811881188,214.231396039604,1.28316831683168,2082.05,2224.825,11.868,7.729775,,,
NH1208_m13_n6,NH1208,2012,9,7,N,13,6,13.06,18,41.6058,-135.7853,251.161053,351.916,86,486.2,50.6,99.8,12.11224,32.92812,100,50,1828,12.3167529411765,32.9553784313726,0.725482352941176,0.725482352941176,277.437156862745,1.28,2006.93333333333,2208.86666666667,1.376,7.87756666666667,,,
NH1208_m13_n7,NH1208,2012,9,7,N,13,7,13.07,18,41.6105,-135.7851,251.166863,400.283,45,254.7,25.5,49.5,16.282,32.901375,50,25,1828,16.5601269230769,32.9866884615385,0.267034615384615,0.267034615384615,251.143461538461,1.36076923076923,1985,2211.3,0,7.92215,,,
NH1208_m13_n8,NH1208,2012,9,7,N,13,8,13.08,18,41.6129,-135.7849,251.169838,404.567,66,371.4,-0.8,25.5,17.6994125,31.650225,25,0,1828,17.8617590909091,33.0241045454545,0.165613636363636,0.165613636363636,238.828954545455,6.55227272727273,1983.05,2212.85,0,7.9166,,,
NH1208_m13_n9,NH1208,2012,9,7,N,13,9,13.09,18,41.6165,-135.7842,251.173553,409.916,1,0,0.3,0.3,16.411,0.01,0,0,1828,26.1694,36.2337,0.0617,0.0617,196.714,0.000000000001,1981,2213.4,0,7.916,,,
NH1208_m14_n0,NH1208,2012,9,7,D,14,0,14,18,41.7197,-135.8227,251.406574,945.467,394,2694.7,3,1012.3,7.0514670157068,33.8195958115183,1000,0,1829,6.24258084252759,33.917128786359,0.187372818455366,0.187372818455366,96.6752698094283,2.62005015045135,2159.76875,2268.5625,36.0555,7.60689375,,,
NH1208_m14_n1,NH1208,2012,9,7,D,14,1,14.01,18,41.7517,-135.8156,251.450938,1049.351,211,1168.7,799.1,999,3.53279047619048,34.2778984126984,1000,800,1829,3.5102144278607,34.3016019900497,0.155813432835821,0.155813432835821,11.556815920398,1.83129353233831,2367.65,2367.3,107.328,7.29475,,,
NH1208_m14_n2,NH1208,2012,9,7,D,14,2,14.02,18,41.7623,-135.8127,251.465579,1110.434,199,1019,600.1,799.4,4.05924513618677,34.1334591439688,800,600,1829,4.03422039800995,34.1617208955223,0.15037263681592,0.15037263681592,27.7980597014925,1.67109452736318,2334.53333333333,2341.6,100.104,7.3069,,,
NH1208_m14_n3,NH1208,2012,9,7,D,14,3,14.03,18,41.7723,-135.81,251.477523,1127.633,272,1381.7,400.7,599.8,5.14686532951289,33.9839283667622,600,400,1829,5.05140945273632,34.0119308457712,0.143338308457711,0.143338308457711,68.0704577114428,1.58208955223881,2280.43333333333,2306.3,50.912,7.3792,,,
NH1208_m14_n4,NH1208,2012,9,7,D,14,4,14.04,18,41.7855,-135.8072,251.493738,1150.983,253,1314,199,400.1,7.27121341463415,33.907762195122,400,200,1829,7.05351890547264,33.933323880597,0.127522388059702,0.127522388059702,134.773930348259,1.40208955223881,2188.225,2271.35,28.122,7.547425,,,
NH1208_m14_n5,NH1208,2012,9,7,D,14,5,14.05,18,41.798,-135.804,251.50897,1212.917,138,696.7,101.6,198.6,9.14580813953488,33.3976569767442,200,100,1829,9.11132277227722,33.3453504950495,0.155126732673267,0.155126732673267,224.545762376238,1.29207920792079,2082.05,2224.825,11.868,7.729775,,,
NH1208_m14_n6,NH1208,2012,9,7,D,14,6,14.06,18,41.8048,-135.8021,251.516968,1224.434,116,591.9,50.2,100.7,11.29445,32.9267857142857,100,50,1829,11.8906921568627,32.9482,0.878292156862745,0.878292156862745,277.891921568628,2.62607843137255,2006.93333333333,2208.86666666667,1.376,7.87756666666667,,,
NH1208_m14_n7,NH1208,2012,9,7,D,14,7,14.07,18,41.8107,-135.8004,251.523472,1233.8,80,409,27.1,50.1,14.4827755102041,32.9045918367347,50,25,1829,16.1015846153846,32.9772076923077,0.322942307692308,0.322942307692308,257.506307692308,14.0369230769231,1985,2211.3,0,7.92215,,,
NH1208_m14_n8,NH1208,2012,9,7,D,14,8,14.08,18,41.8148,-135.7992,251.528021,1240.35,66,362.6,0.2,28.2,17.5737974683544,32.948253164557,25,0,1829,17.8783181818182,33.0280954545454,0.16575,0.16575,238.826363636364,32.4863636363636,1983.05,2212.85,0,7.9166,,,
NH1208_m14_n9,NH1208,2012,9,7,D,14,9,14.09,18,41.8181,-135.798,251.531701,1245.649,3,29.7,-0.5,0.7,16.385,13.6523,0,0,1829,26.1694,36.2337,0.0617,0.0617,196.714,0.000000000001,1981,2213.4,0,7.916,,,
NH1208_m15_n0,NH1208,2012,9,8,D,15,0,15,21,40.0031,-135.0004,252.36375,843.8,323,2364.7,3.6,1012.2,7.67268940316687,33.823233861145,1000,0,2134,6.50406188565697,33.9588394182548,0.173359679037111,0.173359679037111,97.5052316950854,32.9014042126379,2160.5,2269.51875,37.668,7.605865625,,,
NH1208_m15_n1,NH1208,2012,9,8,D,15,1,15.01,21,40.0276,-135.0008,252.402095,939.017,156,1022.4,801.8,998.7,3.7826968641115,34.2967735191638,1000,800,2134,3.75094776119403,34.3259731343284,0.153924875621891,0.153924875621891,10.4855572139303,1.71517412935323,2363.45,2364.75,114.036,7.2934,,,
NH1208_m15_n2,NH1208,2012,9,8,D,15,2,15.02,21,40.0355,-135.0026,252.415428,958.216,191,1196.9,602.2,801.7,4.46456129032258,34.1730580645161,800,600,2134,4.37790497512438,34.1999,0.150621890547264,0.150621890547264,19.390144278607,1.67094527363184,2336.76666666667,2340.13333333333,73.616,7.29276666666667,,,
NH1208_m15_n3,NH1208,2012,9,8,D,15,3,15.03,21,40.0446,-135.0059,252.429838,1018.967,210,1272.6,400.6,602.1,5.20275625000001,34.00465,600,400,2134,5.28104179104478,34.0456711442786,0.143439303482587,0.143439303482587,58.8913830845771,1.52995024875622,2284.33333333333,2310.06666666667,62.952,7.35633333333333,,,
NH1208_m15_n4,NH1208,2012,9,8,D,15,4,15.04,21,40.0545,-135.0094,252.444711,1040.384,216,1248.4,201.3,400.3,7.1913422818792,33.9187449664429,400,200,2134,7.30065820895523,33.9375223880597,0.124039800995025,0.124039800995025,157.91315920398,1.32383084577115,2180.425,2273.65,37.41,7.5668375,,,
NH1208_m15_n5,NH1208,2012,9,8,D,15,5,15.05,21,40.0645,-135.0132,252.458553,1100.316,174,958.2,99.2,201.3,8.88590000000001,33.5212954545455,200,100,2134,9.23691683168317,33.4466346534653,0.163512871287129,0.163512871287129,227.025306930693,2.41188118811881,2078.5,2227.025,10.578,7.7398375,,,
NH1208_m15_n6,NH1208,2012,9,8,D,15,6,15.06,21,40.0723,-135.0155,252.468773,1115.033,107,559.1,52.6,99.4,11.6956904761905,33.0302380952381,100,50,2134,12.0201568627451,33.045468627451,0.633196078431372,0.633196078431372,273.483254901961,44.8711764705882,2013.06666666667,2209.7,2.064,7.8602,,,
NH1208_m15_n7,NH1208,2012,9,8,D,15,7,15.07,21,40.0768,-135.0168,252.47463,1123.467,111,586.6,26.2,52.3,15.4860074074074,33.0232962962963,50,25,2134,16.7281576923077,33.1257423076923,0.2636,0.2636,256.398115384615,313.653846153846,1991.75,2215.9,1.548,7.9194,,,
NH1208_m15_n8,NH1208,2012,9,8,D,15,8,15.08,21,40.0818,-135.0184,252.480903,1132.5,63,335,0.8,26.3,18.3907733333333,33.1189866666667,25,0,2134,18.5362454545455,33.1567681818182,0.168209090909091,0.168209090909091,236.537863636364,979.090909090909,1992.95,2218.4,1.548,7.9246,,,
NH1208_m15_n9,NH1208,2012,9,8,D,15,9,15.09,21,40.0847,-135.0193,252.484387,1137.517,4,18,-0.2,1.8,18.3982857142857,33.1118571428571,0,0,2134,26.1694,36.2337,0.0617,0.0617,196.714,0.000000000001,1995.5,2215.4,1.032,7.9208,,,
NH1208_m16_n0,NH1208,2012,9,8,N,16,0,16,23,39.9834,-135.0297,252.819769,1940.467,374,2700.9,4.4,1015.5,7.38002898550725,33.8448093645485,1000,0,2134,6.50406188565697,33.9588394182548,0.173359679037111,0.173359679037111,97.5052316950854,32.9014042126379,2141.16666666667,2260.80666666667,26.0064,7.65112,,,
NH1208_m16_n1,NH1208,2012,9,8,N,16,1,16.01,23,40.01,-135.0436,252.861701,2040.849,158,949.4,800.4,1000.5,3.71809756097561,34.3125609756097,1000,800,2134,3.75094776119403,34.3259731343284,0.153924875621891,0.153924875621891,10.4855572139303,1.71517412935323,2358.55,2359.3,75.336,7.31305,,,
NH1208_m16_n2,NH1208,2012,9,8,N,16,2,16.02,23,40.017,-135.0462,252.873137,2057.317,180,1032.6,600.4,798.9,4.34878988326848,34.186653696498,800,600,2134,4.37790497512438,34.1999,0.150621890547264,0.150621890547264,19.390144278607,1.67094527363184,2314.8,2322.05,67.596,7.3195,,,
NH1208_m16_n3,NH1208,2012,9,8,N,16,3,16.03,23,40.025,-135.0495,252.885069,2114.499,202,1098.5,399.7,599.7,5.28264772727273,34.0135303030303,600,400,2134,5.28104179104478,34.0456711442786,0.143439303482587,0.143439303482587,58.8913830845771,1.52995024875622,2265.06666666667,2294.16666666667,51.944,7.36816666666667,,,
NH1208_m16_n4,NH1208,2012,9,8,N,16,4,16.04,23,40.0341,-135.0533,252.897338,2132.167,256,1400.7,199.7,399.3,7.26688753799393,33.9187325227964,400,200,2134,7.30065820895523,33.9375223880597,0.124039800995025,0.124039800995025,157.91315920398,1.32383084577115,2173.625,2264.15,23.994,7.588475,,,
NH1208_m16_n5,NH1208,2012,9,8,N,16,5,16.05,23,40.0455,-135.0578,252.912627,2154.183,177,935.3,98.5,199.5,8.96590995260663,33.4612748815166,200,100,2134,9.23691683168317,33.4466346534653,0.163512871287129,0.163512871287129,227.025306930693,2.41188118811881,2066.425,2225.575,7.224,7.78645,,,
NH1208_m16_n6,NH1208,2012,9,8,N,16,6,16.06,23,40.0527,-135.061,252.922431,2208.301,95,499.2,50.6,97.8,12.0110625,33.0046785714286,100,50,2134,12.0201568627451,33.045468627451,0.633196078431372,0.633196078431372,273.483254901961,44.8711764705882,2009.63333333333,2214.7,2.064,7.8933,,,
NH1208_m16_n7,NH1208,2012,9,8,N,16,7,16.07,23,40.0564,-135.0629,252.927639,2215.8,69,375.9,25.8,50.2,17.1525747126437,33.0609540229885,50,25,2134,16.7281576923077,33.1257423076923,0.2636,0.2636,256.398115384615,313.653846153846,1995,2220.4,2.064,7.92345,,,
NH1208_m16_n8,NH1208,2012,9,8,N,16,8,16.08,23,40.0593,-135.0647,252.931678,2221.616,73,403.3,0.1,25.7,18.3501789473684,33.0620421052631,25,0,2134,18.5362454545455,33.1567681818182,0.168209090909091,0.168209090909091,236.537863636364,979.090909090909,2001.35,2227.25,1.548,7.92265,,,
NH1208_m16_n9,NH1208,2012,9,8,N,16,9,16.09,23,40.0626,-135.0668,252.936088,2227.967,0,0,-0.3,0.8,17.2726666666667,5.93033333333333,0,0,2134,26.1694,36.2337,0.0617,0.0617,196.714,0.000000000001,2000.9,2229.9,1.032,7.9229,,,
NH1208_m17_n0,NH1208,2012,9,9,D,17,0,17,24,38.7115,-135.0097,253.56456,1332.966,469,3384,3.3,1012.2,7.70542010050251,33.8944703517588,1000,0,2439,6.83366850551655,33.9675182547642,0.169892076228686,0.169892076228686,108.209883650953,32.4156369107322,2147.51875,2263.54333333333,32.8176,7.66667666666667,,,
NH1208_m17_n1,NH1208,2012,9,9,D,17,1,17.01,24,38.6777,-135.0068,253.611042,1439.9,219,1217.2,801.4,1001,3.74384590163935,34.2970852459016,1000,800,2439,3.74528358208955,34.3114910447761,0.15379552238806,0.15379552238806,10.9010796019901,1.74945273631841,2356.35,2343.3,103.2,7.290525,,,
NH1208_m17_n2,NH1208,2012,9,9,D,17,2,17.02,24,38.6674,-135.0059,253.625208,1500.3,218,1194.7,601,801.2,4.31386458333333,34.1508819444444,800,600,2439,4.30990597014926,34.1691094527363,0.148251741293532,0.148251741293532,24.4535572139303,1.6963184079602,2322.73333333333,2331.4,90.3,7.303,,,
NH1208_m17_n3,NH1208,2012,9,9,D,17,3,17.03,24,38.6574,-135.005,253.638588,1519.567,263,1421.6,400.2,600.3,5.32078654970761,33.9789122807018,600,400,2439,5.3064671641791,34.0006880597015,0.138081094527363,0.138081094527363,79.5194776119403,1.53646766169154,2256.23333333333,2303.53333333333,66.392,7.40803333333333,,,
NH1208_m17_n4,NH1208,2012,9,9,D,17,4,17.04,24,38.6458,-135.0046,253.654479,1542.45,219,1202.3,200.7,399.9,7.86984320557491,33.9278327526132,400,200,2439,7.96951940298508,33.9476482587065,0.113392039800995,0.113392039800995,182.874592039801,1.34502487562189,2155.875,2266.3125,27.348,7.640825,,,
NH1208_m17_n5,NH1208,2012,9,9,D,17,5,17.05,24,38.6364,-135.0049,253.667813,1601.651,133,740.5,101.7,199.6,10.1053832335329,33.482377245509,200,100,2439,10.2903336633663,33.4993227722772,0.187978217821782,0.187978217821782,236.485554455446,2.61871287128713,2062.375,2231.7125,7.74,7.796825,,,
NH1208_m17_n6,NH1208,2012,9,9,D,17,6,17.06,24,38.6305,-135.0056,253.675579,1612.834,97,536.2,50.9,100.7,13.0545333333333,33.3030083333333,100,50,2439,13.2906823529412,33.3023254901961,0.595035294117647,0.595035294117647,268.790196078431,62.0727450980392,2008.46666666667,2221.93333333333,2.408,7.90263333333333,,,
NH1208_m17_n7,NH1208,2012,9,9,D,17,7,17.07,24,38.6261,-135.0059,253.681157,1620.866,47,251.2,24.8,50.8,16.8571034482759,33.2370344827586,50,25,2439,17.6288,33.2871038461538,0.256561538461538,0.256561538461538,249.785653846154,373.769230769231,1999.95,2225.55,2.064,7.9237,,,
NH1208_m17_n8,NH1208,2012,9,9,D,17,8,17.08,24,38.6238,-135.0061,253.683843,1624.734,59,311.4,0.1,24.7,19.1112028985507,33.2591884057971,25,0,2439,19.1425454545455,33.2773318181818,0.1687,0.1687,233.118090909091,848,2000.25,2230.7,2.064,7.9232,,,
NH1208_m17_n9,NH1208,2012,9,9,D,17,9,17.09,24,38.6212,-135.0063,253.687049,1629.351,2,11.8,-0.7,0.4,18.7401428571429,22.7054285714286,0,0,2439,26.1694,36.2337,0.0617,0.0617,196.714,0.000000000001,1997.9,2227.6,2.064,7.9254,,,
NH1208_m18_n0,NH1208,2012,9,9,N,18,0,18,24,38.6237,-135.0626,253.901285,2137.85,413,3072,3.3,1012.3,7.69626315789474,33.9057290033595,1000,0,2439,6.83366850551655,33.9675182547642,0.169892076228686,0.169892076228686,108.209883650953,32.4156369107322,2147.51875,2263.54333333333,32.8176,7.66667666666667,,,
NH1208_m18_n1,NH1208,2012,9,9,N,18,1,18.01,24,38.5932,-135.0469,253.943345,2238.417,234,1294.4,799.8,1001,3.67859119496856,34.3032452830189,1000,800,2439,3.74528358208955,34.3114910447761,0.15379552238806,0.15379552238806,10.9010796019901,1.74945273631841,2356.35,2343.3,103.2,7.290525,,,
NH1208_m18_n2,NH1208,2012,9,9,N,18,2,18.02,24,38.5825,-135.042,253.958113,2259.683,198,992,600.2,799.2,4.31130341880342,34.146735042735,800,600,2439,4.30990597014926,34.1691094527363,0.148251741293532,0.148251741293532,24.4535572139303,1.6963184079602,2322.73333333333,2331.4,90.3,7.303,,,
NH1208_m18_n3,NH1208,2012,9,9,N,18,3,18.03,24,38.5737,-135.0383,253.968993,2315.35,235,1168.9,400.8,599,5.39990909090909,33.9679527272727,600,400,2439,5.3064671641791,34.0006880597015,0.138081094527363,0.138081094527363,79.5194776119403,1.53646766169154,2256.23333333333,2303.53333333333,66.392,7.40803333333333,,,
NH1208_m18_n4,NH1208,2012,9,9,N,18,4,18.04,24,38.5628,-135.0324,253.981759,2333.733,326,1556.7,203.2,400.4,7.83297759103642,33.9338487394959,400,200,2439,7.96951940298508,33.9476482587065,0.113392039800995,0.113392039800995,182.874592039801,1.34502487562189,2155.875,2266.3125,27.348,7.640825,,,
NH1208_m18_n5,NH1208,2012,9,9,N,18,5,18.05,24,38.5486,-135.0242,253.998357,2357.634,129,640.8,99.7,203.1,10.1921678321678,33.4780909090909,200,100,2439,10.2903336633663,33.4993227722772,0.187978217821782,0.187978217821782,236.485554455446,2.61871287128713,2062.375,2231.7125,7.74,7.796825,,,
NH1208_m18_n6,NH1208,2012,9,9,N,18,6,18.06,24,38.5429,-135.0211,254.005035,7.3,112,561.7,51.6,99.1,13.419380952381,33.2679761904762,100,50,2439,13.2906823529412,33.3023254901961,0.595035294117647,0.595035294117647,268.790196078431,62.0727450980392,2008.46666666667,2221.93333333333,2.408,7.90263333333333,,,
NH1208_m18_n7,NH1208,2012,9,9,N,18,7,18.07,24,38.5376,-135.0185,254.010891,15.68,67,363.6,25.7,51.5,18.0164578313253,33.317265060241,50,25,2439,17.6288,33.2871038461538,0.256561538461538,0.256561538461538,249.785653846154,373.769230769231,1999.95,2225.55,2.064,7.9237,,,
NH1208_m18_n8,NH1208,2012,9,9,N,18,8,18.08,24,38.5344,-135.017,254.014745,21.23,51,287.5,0.4,25.2,19.3344029850746,33.3857611940298,25,0,2439,19.1425454545455,33.2773318181818,0.1687,0.1687,233.118090909091,848,2000.25,2230.7,2.064,7.9232,,,
NH1208_m18_n9,NH1208,2012,9,9,N,18,9,18.09,24,38.5316,-135.0156,254.017859,25.72,1,6.8,-0.2,0.4,19.347,30.623,0,0,2439,26.1694,36.2337,0.0617,0.0617,196.714,0.000000000001,1997.9,2227.6,2.064,7.9254,,,
NH1208_m19_n0,NH1208,2012,9,10,D,19,0,19,27,37.2594,-135.0084,254.565579,1334.434,601,3890.2,6.4,1011.7,7.87020452403393,33.9218812441094,1000,0,2745,6.74504018218623,33.9835893724696,0.166824898785425,0.166824898785425,109.09082388664,1.63623481781377,2149.59375,2275.7,37.6035,7.6479125,,,
NH1208_m19_n1,NH1208,2012,9,10,D,19,1,19.01,27,37.2198,-135.0374,254.614884,1445.433,372,1818.9,801.6,1000.9,3.69838374717832,34.3134559819412,1000,800,2745,3.6629631840796,34.3023527363184,0.164470646766169,0.164470646766169,10.8088507462687,1.88542288557214,2356.15,2365.4,107.844,7.29415,,,
NH1208_m19_n2,NH1208,2012,9,10,D,19,2,19.02,27,37.2058,-135.0503,254.635463,1515.067,295,1485.8,600.5,801.1,4.23427556818182,34.1436619318181,800,600,2745,4.29606467661692,34.1562975124378,0.133885572139303,0.133885572139303,28.3606815920398,1.85054726368159,2326.16666666667,2336.7,99.416,7.3055,,,
NH1208_m19_n3,NH1208,2012,9,10,D,19,3,19.03,27,37.1947,-135.061,254.651817,1538.616,294,1445.3,401.9,599.8,5.45127777777778,33.9654298245614,600,400,2745,5.36834179104477,33.9914810945274,0.136820895522388,0.136820895522388,85.6092039800995,1.71587064676617,2261.46666666667,2303,66.048,7.4083,,,
NH1208_m19_n4,NH1208,2012,9,10,D,19,4,19.04,27,37.1835,-135.072,254.667708,1601.5,298,1507.1,202.2,401.5,7.90860795454545,33.9461704545455,400,200,2745,8.08213731343284,33.9604243781095,0.116695024875622,0.116695024875622,183.230970149254,1.42298507462687,2155.95,2270.9,27.864,7.64275,,,
NH1208_m19_n5,NH1208,2012,9,10,D,19,5,19.05,27,37.1718,-135.0832,254.684062,1625.049,164,860.6,99,201.8,9.99561111111111,33.6490303030303,200,100,2745,10.4418415841584,33.5832861386138,0.204732673267327,0.204732673267327,235.721366336634,1.28188118811881,2070.425,2236.475,7.224,7.801975,,,
NH1208_m19_n6,NH1208,2012,9,10,D,19,6,19.06,27,37.1654,-135.0896,254.693264,1638.3,55,282.8,74.5,98.3,12.38825,33.3747638888889,100,75,2745,12.6489384615385,33.3226576923077,0.701807692307692,0.701807692307692,259.708961538462,1.28,2030.65,2230.1,2.58,7.8877,,,
NH1208_m19_n7,NH1208,2012,9,10,D,19,7,19.07,27,37.1631,-135.0919,254.696609,1643.117,49,278.7,52.7,74.2,13.6450476190476,33.4644603174603,75,50,2745,13.50955,33.2520384615385,0.385365384615385,0.385365384615385,275.562192307692,1.28,2007.85,2232.4,2.064,7.9212,,,
NH1208_m19_n8,NH1208,2012,9,10,D,19,8,19.08,27,37.1612,-135.0939,254.699537,1647.333,75,436.9,26.2,52.1,17.8207647058824,33.5233235294117,50,25,2745,17.4332384615385,33.4042615384615,0.199730769230769,0.199730769230769,254.178730769231,1.28,1998.85,2237.05,2.064,7.93425,,,
NH1208_m19_n9,NH1208,2012,9,10,D,19,9,19.09,27,37.1581,-135.097,254.704271,1654.15,89,524.6,1,26.4,20.0856910569106,33.5582682926829,25,0,2745,19.7398153846154,33.4946384615385,0.151,0.151,229.622923076923,1.31461538461538,1996.85,2240.8,2.064,7.9368,,,
NH1208_m19_n10,NH1208,2012,9,10,N,19,10,19.1,27,37.1545,-135.1007,254.71,1702.4,3,19.3,0.2,1.8,19.782,27.1795454545455,0,0,2745,19.7392,19.7392,19.7392,19.7392,19.7392,19.7392,1996.8,2241.2,2.064,7.9399,,,
NH1208_m20_n0,NH1208,2012,9,10,N,20,0,20,27,37.2279,-135.1305,254.915116,2157.767,553,3520.2,1.1,1013.2,9.21872822966508,33.7564114832536,1000,0,2744,6.80479555106168,34.007160768453,0.168194236602629,0.168194236602629,110.039100101112,23.6298887765418,2149.59375,2268.88666666667,33.2304,7.67110666666667,,,
NH1208_m20_n1,NH1208,2012,9,10,N,20,1,20.01,27,37.2674,-135.1099,254.966493,2311.75,305,1728.5,801.3,1001.6,3.67530995475113,34.2889819004524,1000,800,2744,3.65409253731343,34.3211368159204,0.1552407960199,0.1552407960199,11.3763432835821,1.72417910447761,2356.15,2345.55,106.812,7.29335,,,
NH1208_m20_n2,NH1208,2012,9,10,N,20,2,20.02,27,37.2814,-135.104,254.987037,2341.333,243,1361.5,599.6,800.6,4.25109565217392,34.1420231884058,800,600,2744,4.24842089552239,34.165739800995,0.14893631840796,0.14893631840796,28.6602537313433,1.62621890547264,2326.16666666667,2328.6,92.88,7.3141,,,
NH1208_m20_n3,NH1208,2012,9,10,N,20,3,20.03,27,37.2923,-135.1006,255.003067,4.4,200,1069.4,400.6,600,5.40999236641221,33.9670076335878,600,400,2744,5.41177263681592,33.9865880597015,0.136999004975124,0.136999004975124,90.7583084577114,1.46069651741294,2261.46666666667,2303,66.048,7.4083,,,
NH1208_m20_n4,NH1208,2012,9,10,N,20,4,20.04,27,37.3014,-135.0972,255.015243,21.95,315,1652.6,200.7,399.9,7.9885975,33.9381975000001,400,200,2744,7.97679850746269,33.9654149253731,0.115560199004975,0.115560199004975,182.234024875622,1.30208955223881,2155.95,2270.9,27.864,7.64275,,,
NH1208_m20_n5,NH1208,2012,9,10,N,20,5,20.05,27,37.3162,-135.0936,255.033831,48.72,207,1121,99.8,200.3,9.97792307692308,33.6009615384615,200,100,2744,10.3512504950495,33.6197059405941,0.197294059405941,0.197294059405941,237.843495049505,2.2829702970297,2070.425,2236.475,7.224,7.801975,,,
NH1208_m20_n6,NH1208,2012,9,10,N,20,6,20.06,27,37.3254,-135.0904,255.045914,106.12,126,695.8,52,99.6,12.8385,33.2896296296296,100,50,2744,13.7398529411765,33.4615529411765,0.565062745098039,0.565062745098039,268.054843137255,58.2596078431373,2020.7,2231.3,2.408,7.9034,,,
NH1208_m20_n7,NH1208,2012,9,10,N,20,7,20.07,27,37.3307,-135.0885,255.053438,116.95,51,305.4,25,51.9,17.1015135135135,33.4112027027027,50,25,2744,19.0658807692308,33.5882346153846,0.195134615384615,0.195134615384615,238.532461538462,391.576923076923,1998.85,2237.05,2.064,7.93425,,,
NH1208_m20_n8,NH1208,2012,9,10,N,20,8,20.08,27,37.3332,-135.0879,255.056875,121.9,72,456,0.9,24.9,19.7457889908257,33.486495412844,25,0,2744,20.1007857142857,33.5810214285714,0.161542857142857,0.161542857142857,228.116214285714,686.285714285714,1996.85,2240.8,2.064,7.9368,,,
NH1208_m20_n9,NH1208,2012,9,10,N,20,9,20.09,27,37.3367,-135.0865,255.061944,129.2,2,14.5,0.1,1.9,19.3334444444444,27.1564444444444,0,0,2744,20.097,20.097,20.097,20.097,20.097,20.097,1996.8,2241.2,2.064,7.9399,,,
NH1208_m21_n0,NH1208,2012,9,11,N,21,0,21,30,35.5851,-135.0034,255.997847,2356.9,521,3387,1.7,1014.8,9.09742246520875,33.8564343936381,1000,0,3048,7.29378815789473,33.9992348178138,0.163597368421052,0.163597368421052,94.897358299595,1.46509109311742,2145.284375,2264.08333333333,28.3456,7.66935,,,
NH1208_m21_n1,NH1208,2012,9,11,N,21,1,21.01,30,35.615,-134.9714,256.044618,104.25,337,1856,789.1,1000.2,4.0740498960499,34.3642931392931,1000,800,3048,4.08633034825871,34.3768830845771,0.153718407960199,0.153718407960199,12.8435124378109,1.67358208955224,2345.4,2348,91.332,7.30315,,,
NH1208_m21_n2,NH1208,2012,9,11,N,21,2,21.02,30,35.6245,-134.9523,256.066968,136.43,224,1147.9,601.2,789.6,4.71185614035088,34.221249122807,800,600,3048,4.69967164179104,34.2488512437811,0.152005472636816,0.152005472636816,16.7123084577114,1.60716417910448,2325.5,2333.05,92.364,7.30845,,,
NH1208_m21_n3,NH1208,2012,9,11,N,21,3,21.03,30,35.6311,-134.941,256.080208,155.5,329,1722.1,400.9,600.6,5.67613475177305,34.031328605201,600,400,3048,5.81794925373134,34.0674383084577,0.143140298507463,0.143140298507463,56.8506467661692,1.40562189054726,2251.65,2298.91666666667,51.944,7.42193333333333,,,
NH1208_m21_n4,NH1208,2012,9,11,N,21,4,21.04,30,35.6402,-134.9251,256.099861,223.8,277,1505.2,201.4,400.8,8.29316298342541,33.9004861878453,400,200,3048,8.15146865671642,33.8950815920398,0.118099502487562,0.118099502487562,154.499492537313,1.28303482587065,2147.975,2256.425,22.446,7.6336875,,,
NH1208_m21_n5,NH1208,2012,9,11,N,21,5,21.05,30,35.6498,-134.9138,256.116678,248.016,118,722.1,98.9,200.7,11.8638596491228,33.5376608187135,200,100,3048,11.8772752475248,33.391803960396,0.256154455445544,0.256154455445544,237.836920792079,1.28,2051.5,2228.45,5.934,7.813075,,,
NH1208_m21_n6,NH1208,2012,9,11,N,21,6,21.06,30,35.6543,-134.9099,256.12463,259.467,72,424.7,51.2,99,15.9067,33.70711,100,50,3048,14.8136411764706,33.276468627451,0.318517647058823,0.318517647058823,259.817176470588,1.28,2011.2,2227.2,1.376,7.90193333333333,,,
NH1208_m21_n7,NH1208,2012,9,11,N,21,7,21.07,30,35.6571,-134.9079,256.129271,306.15,49,288.2,25.5,50.9,19.106044117647,33.7173676470588,50,25,3048,18.9636192307692,33.4092384615385,0.188330769230769,0.188330769230769,238.309,1.27961538461539,2003,2232.5,1.548,7.925,,,
NH1208_m21_n8,NH1208,2012,9,11,N,21,8,21.08,30,35.6589,-134.9067,256.132431,310.701,87,510.5,1.2,25.4,20.3213559322034,33.5697542372881,25,0,3048,20.0756153846154,33.4459846153846,0.157869230769231,0.157869230769231,228.154230769231,2.26307692307692,2008.1,2240.4,2.064,7.9334,,,
NH1208_m21_n9,NH1208,2012,9,11,N,21,9,21.09,30,35.6622,-134.9041,256.137917,318.6,4,26.4,1.2,1.8,20.3271666666667,33.5746666666667,0,0,3048,20.0735,20.0735,20.0735,20.0735,20.0735,20.0735,2009.1,2241.3,2.064,7.934,,,
NH1208_m22_n0,NH1208,2012,9,12,D,22,0,22,30,35.6829,-134.9076,256.371748,855.317,666,4252.1,5.7,1012.3,8.45622120200334,33.9855951585978,1000,0,3049,7.43841454363089,34.0491553660982,0.162658776328987,0.162658776328987,100.194524573721,1.65803410230692,2145.284375,2264.08333333333,28.3456,7.66935,,,
NH1208_m22_n1,NH1208,2012,9,12,D,22,1,22.01,30,35.7316,-134.8835,256.427535,1015.65,349,1716.6,801.8,1000.1,4.18140284360189,34.3542298578199,1000,800,3049,4.12931442786069,34.383876119403,0.160406467661692,0.160406467661692,12.4822437810945,1.74980099502488,2345.4,2348,91.332,7.30315,,,
NH1208_m22_n2,NH1208,2012,9,12,D,22,2,22.02,30,35.746,-134.8717,256.447141,1043.883,300,1455.2,602.6,801.1,4.73486994219653,34.2040780346821,800,600,3049,4.73589850746269,34.2369850746269,0.168328358208955,0.168328358208955,17.2553283582089,1.73452736318408,2325.5,2333.05,92.364,7.30845,,,
NH1208_m22_n3,NH1208,2012,9,12,D,22,3,22.03,30,35.7589,-134.86,256.463218,1107.034,422,2135.5,400.6,602.5,5.47740704500979,34.0401859099804,600,400,3049,5.65232736318408,34.0501422885572,0.130752736318408,0.130752736318408,61.2880995024875,1.57592039800995,2251.65,2298.91666666667,51.944,7.42193333333333,,,
NH1208_m22_n4,NH1208,2012,9,12,D,22,4,22.04,30,35.7739,-134.8468,256.486968,1141.234,218,1353.4,201.2,399.5,8.02004956268222,33.9162011661808,400,200,3049,8.14012835820896,33.9275731343284,0.113642288557214,0.113642288557214,172.456900497512,1.34970149253731,2147.975,2256.425,22.446,7.6336875,,,
NH1208_m22_n5,NH1208,2012,9,12,D,22,5,22.05,30,35.7797,-134.8363,256.502905,1204.183,100,647.3,98.2,200.8,11.915675,33.50026875,200,100,3049,11.8773801980198,33.5943227722772,0.252338613861386,0.252338613861386,235.942405940594,1.28,2051.5,2228.45,5.934,7.813075,,,
NH1208_m22_n6,NH1208,2012,9,12,D,22,6,22.06,30,35.7828,-134.8316,256.510382,1214.95,74,500.2,53.2,97.3,14.886875,33.4641875,100,50,3049,15.7968607843137,33.7504568627451,0.282358823529412,0.282358823529412,254.181019607843,1.28,2011.2,2227.2,1.376,7.90193333333333,,,
NH1208_m22_n7,NH1208,2012,9,12,D,22,7,22.07,30,35.7852,-134.8283,256.516319,1223.499,1,6.6,52.4,52.7,17.344,33.669,50,50,3049,15.8073,33.359,0.2157,0.2157,257.927,1.28,1998.9,2225.5,1.032,7.9172,,,
NH1208_m22_n8,NH1208,2012,9,12,D,22,8,22.08,30,35.7853,-134.8282,256.516424,1223.651,44,333.3,24.7,51.3,19.3845730337079,33.715606741573,50,25,3049,18.6675846153846,33.6121692307692,0.190176923076923,0.190176923076923,241.904346153846,1.28,2003,2232.5,1.548,7.925,,,
NH1208_m22_n9,NH1208,2012,9,12,D,22,9,22.09,30,35.7868,-134.8258,256.520556,1229.601,40,288.4,0.7,24,20.3924444444444,33.6745694444444,25,0,3049,20.3952545454545,33.6136045454545,0.1525,0.1525,225.330090909091,6.67181818181818,2008.1,2240.4,2.064,7.9334,,,
NH1208_m22_n10,NH1208,2012,9,12,D,22,10,22.1,30,35.788,-134.8236,256.5239,1234.416,2,14.1,0.1,1.6,19.9803636363636,25.5049090909091,0,0,3049,26.1694,36.2337,0.0617,0.0617,196.714,0.000000000001,2009.1,2241.3,2.064,7.934,,,
NH1208_m23_n0,NH1208,2012,9,12,N,23,0,23,32,34.4969,-135.0013,256.951366,2249.967,372,2749.5,2.9,1053.5,8.41956950207469,33.8950435684647,1000,0,3253,7.33266830491475,33.9924736208626,0.159691574724173,0.159691574724173,95.6493931795386,1.59613841524573,2125.66,2264.07,28.552,7.6917,,,
NH1208_m23_n1,NH1208,2012,9,12,N,23,1,23.01,32,34.4778,-135.0304,256.996157,2354.466,224,1412.5,800.8,999.9,4.01926111111111,34.3393972222222,1000,800,3253,3.90960547263682,34.3589,0.153406965174129,0.153406965174129,12.1251243781095,1.74880597014925,2361.9,2362.9,114.552,7.30825,,,
NH1208_m23_n2,NH1208,2012,9,12,N,23,2,23.02,32,34.4684,-135.0425,257.012951,18.65,288,1593.7,601.3,799.8,4.62046842105263,34.2257078947369,800,600,3253,4.63585074626865,34.2418527363184,0.150680597014925,0.150680597014925,17.2869303482587,1.64746268656716,2345.3,2346.75,100.62,7.2978,,,
NH1208_m23_n3,NH1208,2012,9,12,N,23,3,23.03,32,34.459,-135.0555,257.030602,44.07,255,1425.8,400.9,600.4,5.7552005899705,34.0583480825959,600,400,3253,5.75783333333334,34.0676213930348,0.142855223880597,0.142855223880597,56.1611293532338,1.44029850746269,2221.85,2302.33333333333,52.976,7.42353333333333,,,
NH1208_m23_n4,NH1208,2012,9,12,N,23,4,23.04,32,34.4511,-135.0675,257.046354,106.75,254,1414.7,203.5,399.9,8.07279754601226,33.8808588957055,400,200,3253,8.04090895522389,33.905676119403,0.117013432835821,0.117013432835821,152.052855721393,1.28044776119403,2107.675,2246.225,9.804,7.709375,,,
NH1208_m23_n5,NH1208,2012,9,12,N,23,5,23.05,32,34.4431,-135.0794,257.061505,128.57,141,748,110.8,202.4,11.4671017964072,33.3835389221557,200,100,3253,12.0055861386139,33.3967772277228,0.246346534653465,0.246346534653465,239.763485148515,1.28,2042.05,2228.675,4.644,7.8263,,,
NH1208_m23_n6,NH1208,2012,9,12,N,23,6,23.06,32,34.4392,-135.086,257.069259,139.73,123,690.8,50.9,110.6,14.5710833333333,33.2859358974359,100,50,3253,14.7471392156863,33.2891411764706,0.289337254901961,0.289337254901961,260.485137254902,1.28,2007.73333333333,2227.8,1.72,7.90773333333333,,,
NH1208_m23_n7,NH1208,2012,9,12,N,23,7,23.07,32,34.4361,-135.0922,257.076505,150.17,78,467.9,25.3,50.9,18.7715514018692,33.3589065420561,50,25,3253,18.8160923076923,33.40485,0.168123076923077,0.168123076923077,238.889692307692,1.28,2007.45,2230.975,2.064,7.92085,,,
NH1208_m23_n8,NH1208,2012,9,12,N,23,8,23.08,32,34.433,-135.0954,257.081481,157.33,115,690,1.5,25.9,20.0839556962025,33.4086645569621,25,0,3253,20.0933045454545,33.4493181818182,0.144445454545455,0.144445454545455,227.387363636364,6.53227272727273,2008.55,2234.225,2.064,7.9273,,,
NH1208_m23_n9,NH1208,2012,9,12,N,23,9,23.09,32,34.428,-135.0993,257.088819,207.9,2,15.4,1,1.8,20.089,33.40225,0,0,3253,26.1694,36.2337,0.0617,0.0617,196.714,0.000000000001,2009.4,2238.4,2.064,7.9324,,,
NH1208_m24_n0,NH1208,2012,9,13,D,24,0,24,32,34.5261,-135.0731,257.349641,823.483,442,3052.3,4.3,1011.3,8.76574165769645,33.8900893433801,1000,0,3253,7.33266830491475,33.9924736208626,0.159691574724173,0.159691574724173,95.6493931795386,1.59613841524573,2125.66,2264.07,28.552,7.6917,,,
NH1208_m24_n1,NH1208,2012,9,13,D,24,1,24.01,32,34.562,-135.0753,257.392801,925.633,272,1582.9,800.5,1000,3.89078908188585,34.3462605459057,1000,800,3253,3.90960547263682,34.3589,0.153406965174129,0.153406965174129,12.1251243781095,1.74880597014925,2361.9,2362.9,114.552,7.30825,,,
NH1208_m24_n2,NH1208,2012,9,13,D,24,2,24.02,32,34.5769,-135.0779,257.411528,952.6,239,1288.3,601.5,799.2,4.65135806451613,34.2203,800,600,3253,4.63585074626865,34.2418527363184,0.150680597014925,0.150680597014925,17.2869303482587,1.64746268656716,2345.3,2346.75,100.62,7.2978,,,
NH1208_m24_n3,NH1208,2012,9,13,D,24,3,24.03,32,34.5891,-135.0791,257.425937,1013.349,297,1548.1,400.5,600.6,5.70000826446281,34.0459449035812,600,400,3253,5.75783333333334,34.0676213930348,0.142855223880597,0.142855223880597,56.1611293532338,1.44029850746269,2221.85,2302.33333333333,52.976,7.42353333333333,,,
NH1208_m24_n4,NH1208,2012,9,13,D,24,4,24.04,32,34.6045,-135.08,257.442801,1037.633,405,2073.4,202.3,400.4,8.01669646569647,33.9116444906445,400,200,3253,8.04090895522389,33.905676119403,0.117013432835821,0.117013432835821,152.052855721393,1.28044776119403,2107.675,2246.225,9.804,7.709375,,,
NH1208_m24_n5,NH1208,2012,9,13,D,24,5,24.05,32,34.6246,-135.0809,257.46515,1109.816,203,1147.4,102,201.3,11.7342575757576,33.3962803030303,200,100,3253,12.0055861386139,33.3967772277228,0.246346534653465,0.246346534653465,239.763485148515,1.28,2042.05,2228.675,4.644,7.8263,,,
NH1208_m24_n6,NH1208,2012,9,13,D,24,6,24.06,32,34.6352,-135.0817,257.477419,1127.483,89,539.7,49.7,102,14.8555390625,33.259,100,50,3253,14.7471392156863,33.2891411764706,0.289337254901961,0.289337254901961,260.485137254902,1.28,2007.73333333333,2227.8,1.72,7.90773333333333,,,
NH1208_m24_n7,NH1208,2012,9,13,D,24,7,24.07,32,34.6406,-135.0818,257.483368,1136.05,35,206.4,25.1,49.7,19.19948,33.3917,50,25,3253,18.8160923076923,33.40485,0.168123076923077,0.168123076923077,238.889692307692,1.28,2007.45,2230.975,2.064,7.92085,,,
NH1208_m24_n8,NH1208,2012,9,13,D,24,8,24.08,32,34.6428,-135.0818,257.485683,1139.384,40,236.4,0.8,24.7,20.1023571428571,33.4519107142857,25,0,3253,20.0933045454545,33.4493181818182,0.144445454545455,0.144445454545455,227.387363636364,6.53227272727273,2008.55,2234.225,2.064,7.9273,,,
NH1208_m24_n9,NH1208,2012,9,13,D,24,9,24.09,32,34.6453,-135.0817,257.488287,1143.133,1,7.6,-0.4,0.6,20.0031666666667,28.8468333333333,0,0,3253,26.1694,36.2337,0.0617,0.0617,196.714,0.000000000001,2009.4,2238.4,2.064,7.9324,,,
NH1208_m25_n0,NH1208,2012,9,13,N,25,0,25,34,33.5053,-134.9997,257.941493,2235.75,442,3141.8,4.4,1013.9,8.85548279352227,34.0960384615385,1000,0,3457,7.43340465116279,34.0732380182002,0.156832962588473,0.156832962588473,102.625222446916,1.53013144590494,2157.35,2276.84333333333,23.6672,7.68419333333333,,,
NH1208_m25_n1,NH1208,2012,9,13,N,25,1,25.01,34,33.5388,-134.9978,257.9875,2342,222,1333.1,785.9,995.3,3.999642228739,34.364357771261,1000,800,3457,3.97372686567164,34.3620965174129,0.152086567164179,0.152086567164179,11.9366268656716,1.82681592039801,2364.35,2344.85,86.688,7.29665,,,
NH1208_m25_n2,NH1208,2012,9,13,N,25,2,25.02,34,33.5503,-134.998,258.003345,4.8,241,1336.7,600.5,784.6,4.59987076923077,34.1899230769231,800,600,3457,4.51597512437811,34.2056338308458,0.1488407960199,0.1488407960199,20.5719502487562,1.72144278606965,2337.46666666667,2329.5,52.632,7.3044,,,
NH1208_m25_n3,NH1208,2012,9,13,N,25,3,25.03,34,33.5622,-134.9976,258.018449,26.57,301,1659.6,400.7,599.9,5.66634936708861,34.0258,600,400,3457,5.78418308457711,34.0395706467662,0.137160199004975,0.137160199004975,70.1803830845771,1.48980099502488,2278.03333333333,2299.85,42.656,7.37753333333333,,,
NH1208_m25_n4,NH1208,2012,9,13,N,25,4,25.04,34,33.5761,-134.9967,258.036806,53,256,1392.3,201.2,400.2,8.12990548780487,33.9052225609756,400,200,3457,8.42804975124379,33.9113945273632,0.108499502487562,0.108499502487562,178.604611940298,1.29328358208955,2156.4,2264.4125,21.156,7.62985,,,
NH1208_m25_n5,NH1208,2012,9,13,N,25,5,25.05,34,33.5885,-134.9969,258.052037,114.93,225,1258.4,101.2,201.4,12.4321219512195,33.6841916376307,200,100,3457,12.4272356435644,33.7050782178218,0.234128712871287,0.234128712871287,236.976376237624,1.28,2051.825,2243.65,4.386,7.85845,,,
NH1208_m25_n6,NH1208,2012,9,13,N,25,6,25.06,34,33.5996,-134.9968,258.06537,134.13,125,721,51.8,101.9,16.1100179640719,33.8604550898204,100,50,3457,15.6683490196078,33.801062745098,0.312980392156863,0.312980392156863,254.623490196078,1.28,2023.5,2251,1.72,7.9304,,,
NH1208_m25_n7,NH1208,2012,9,13,N,25,7,25.07,34,33.6063,-134.9965,258.073137,145.32,71,416.7,23.6,52,20.0880408163265,34.1007857142857,50,25,3457,19.8752384615385,34.1509038461538,0.181519230769231,0.181519230769231,232.723576923077,1.28,2024.75,2270.9,2.064,7.9544,,,
NH1208_m25_n8,NH1208,2012,9,13,N,25,8,25.08,34,33.6103,-134.9963,258.077685,151.87,70,409.6,0.6,23.6,21.1794183673469,34.1525,25,0,3457,21.1932857142857,34.2948214285714,0.161142857142857,0.161142857142857,221.730571428571,1.62357142857143,2030.65,2280.35,2.064,7.96465,,,
NH1208_m25_n9,NH1208,2012,9,13,N,25,9,25.09,34,33.6144,-134.9961,258.082245,158.43,0,0,0.5,0.6,18.0703333333333,1.625,0,0,3457,21.1913,21.1913,21.1913,21.1913,21.1913,21.1913,2030.4,2280.3,1.032,7.9647,,,
NH1208_m26_n0,NH1208,2012,9,14,D,26,0,26,34,33.5889,-134.9791,258.354259,830.133,418,3080.7,5.3,1012.3,8.46477578947368,34.083205263158,1000,0,3457,7.43340465116279,34.0732380182002,0.156832962588473,0.156832962588473,102.625222446916,1.53013144590494,2157.35,2276.84333333333,23.6672,7.68419333333333,,,
NH1208_m26_n1,NH1208,2012,9,14,D,26,1,26.01,34,33.6207,-134.9839,258.398646,934.05,239,1487.8,800.3,1000.8,3.9237380952381,34.349753968254,1000,800,3457,3.97372686567164,34.3620965174129,0.152086567164179,0.152086567164179,11.9366268656716,1.82681592039801,2364.35,2344.85,86.688,7.29665,,,
NH1208_m26_n2,NH1208,2012,9,14,D,26,2,26.02,34,33.6314,-134.9866,258.416204,959.334,211,1303.3,600.4,799.8,4.48123913043478,34.1843819875776,800,600,3457,4.51597512437811,34.2056338308458,0.1488407960199,0.1488407960199,20.5719502487562,1.72144278606965,2337.46666666667,2329.5,52.632,7.3044,,,
NH1208_m26_n3,NH1208,2012,9,14,D,26,3,26.03,34,33.6411,-134.9904,258.431169,1020.883,257,1489.6,401.9,600.1,5.57985875706215,34.0359802259887,600,400,3457,5.78418308457711,34.0395706467662,0.137160199004975,0.137160199004975,70.1803830845771,1.48980099502488,2278.03333333333,2299.85,42.656,7.37753333333333,,,
NH1208_m26_n4,NH1208,2012,9,14,D,26,4,26.04,34,33.6533,-134.9952,258.447616,1044.567,349,1876.1,200.3,401.2,7.99883140877598,33.9134988452655,400,200,3457,8.42804975124379,33.9113945273632,0.108499502487562,0.108499502487562,178.604611940298,1.29328358208955,2156.4,2264.4125,21.156,7.62985,,,
NH1208_m26_n5,NH1208,2012,9,14,D,26,5,26.05,34,33.6697,-135.0012,258.467731,1113.533,246,1318.5,101.6,200.3,12.4963595890411,33.6671643835617,200,100,3457,12.4272356435644,33.7050782178218,0.234128712871287,0.234128712871287,236.976376237624,1.28,2051.825,2243.65,4.386,7.85845,,,
NH1208_m26_n6,NH1208,2012,9,14,D,26,6,26.06,34,33.6818,-135.0049,258.481296,1133.066,123,654.4,51.4,101.4,15.7151643835616,33.8339931506849,100,50,3457,15.6683490196078,33.801062745098,0.312980392156863,0.312980392156863,254.623490196078,1.28,2023.5,2251,1.72,7.9304,,,
NH1208_m26_n7,NH1208,2012,9,14,D,26,7,26.07,34,33.6883,-135.0069,258.488079,1142.834,106,602.4,26.6,51.1,19.8867357142857,34.0655714285714,50,25,3457,19.8752384615385,34.1509038461538,0.181519230769231,0.181519230769231,232.723576923077,1.28,2024.75,2270.9,2.064,7.9544,,,
NH1208_m26_n8,NH1208,2012,9,14,D,26,8,26.08,34,33.6944,-135.009,258.494583,1152.2,102,575.9,1.4,26.8,21.0064198473283,34.2086564885496,25,0,3457,21.1932857142857,34.2948214285714,0.161142857142857,0.161142857142857,221.730571428571,1.62357142857143,2030.65,2280.35,2.064,7.96465,,,
NH1208_m26_n9,NH1208,2012,9,14,D,26,9,26.09,34,33.7006,-135.0111,258.500671,1200.966,2,13.9,0.8,2.7,19.6055454545455,16.4227272727273,0,0,3457,21.1913,21.1913,21.1913,21.1913,21.1913,21.1913,2030.4,2280.3,1.032,7.9647,,,
